{"stats":{"minecraft:dropped":{"minecraft:spruce_sign":1,"promenade:maple_planks":1,"minecraft:rotten_flesh":1,"minecraft:red_mushroom":3,"minecraft:packed_mud":1,"minecraft:dirt":2,"minecraft:mud_bricks":5,"fishofthieves:earthworms":2,"minecraft:wooden_axe":1,"minecraft:oak_sapling":4,"minecraft:spider_eye":1,"minecraft:stone_pickaxe":1,"minecraft:wooden_pickaxe":1,"promenade:fulvous_maple_sapling":17},"minecraft:broken":{"minecraft:stone_pickaxe":1},"minecraft:custom":{"lootr:looted_stat":37,"minecraft:mob_kills":20,"minecraft:interact_with_crafting_table":8,"minecraft:damage_dealt_resisted":0,"minecraft:time_since_death":22539,"minecraft:hex":0,"minecraft:time_since_rest":22595,"minecraft:sprint_one_cm":104923,"minecraft:damage_taken":3199,"minecraft:walk_one_cm":83428,"minecraft:damage_blocked_by_shield":225,"minecraft:drop":23,"minecraft:damage_dealt":2173,"minecraft:talked_to_villager":1,"minecraft:fly_one_cm":66319,"minecraft:open_chest":1,"minecraft:crouch_one_cm":3633,"minecraft:play_time":52197,"minecraft:deaths":8,"minecraft:sneak_time":4288,"minecraft:walk_under_water_one_cm":1192,"minecraft:jump":473,"minecraft:walk_on_water_one_cm":18607,"minecraft:total_world_time":52197,"minecraft:fall_one_cm":16465},"minecraft:killed":{"minecraft:zombie_villager":1,"minecraft:spider":1,"minecraft:skeleton":3,"minecraft:zombie":14,"minecraft:enderman":1},"minecraft:killed_by":{"minecraft:vindicator":1,"minecraft:player":1,"mythicmobs:chupacabra":3,"minecraft:skeleton":2,"minecraft:zombie":1},"minecraft:picked_up":{"minecraft:mud_bricks":5,"promenade:fulvous_maple_sapling":17,"minecraft:red_mushroom":3,"minecraft:chain":1,"minecraft:oak_log":5,"minecraft:dirt":13,"minecraft:bone":3,"minecraft:apple":2,"minecraft:player_head":1,"fishofthieves:earthworms":2,"promenade:maple_log":8,"minecraft:spruce_slab":4,"twigs:twig":4,"minecraft:dark_oak_stairs":2,"minecraft:torch":1,"minecraft:spider_eye":1,"minecraft:dark_oak_planks":31,"minecraft:arrow":2,"minecraft:rotten_flesh":9,"minecraft:hay_block":8,"minecraft:spruce_sign":1,"minecraft:oak_sapling":7,"minecraft:coal":20,"minecraft:cobblestone":127},"minecraft:mined":{"minecraft:dark_oak_planks":41,"minecraft:oak_sapling":2,"minecraft:cyan_stained_glass":1,"minecraft:grass_block":2,"minecraft:cobblestone":13,"minecraft:mud_bricks":9,"minecraft:spawner":3,"minecraft:light_blue_stained_glass":3,"minecraft:hay_block":8,"minecraft:chain":1,"minecraft:packed_mud":2,"treechop:chopped_log":3,"minecraft:dark_oak_stairs":2,"minecraft:grass":1,"minecraft:coal_ore":20,"minecraft:oak_log":3,"minecraft:dirt":11,"minecraft:stone":129,"minecraft:player_head":1,"minecraft:spruce_slab":5,"minecraft:oak_leaves":3},"minecraft:used":{"minecraft:stone_sword":25,"minecraft:spruce_slab":2,"minecraft:stone_pickaxe":172,"simplyswords:iron_warglaive":49,"minecraft:wooden_pickaxe":9,"minecraft:shield":5,"minecraft:wooden_shovel":9,"minecraft:torch":4,"simplyswords:diamond_greataxe":23,"minecraft:dirt":11,"minecraft:crafting_table":4,"minecraft:wooden_axe":6,"minecraft:bread":8,"minecraft:iron_pickaxe":3,"minecraft:packed_mud":1,"minecraft:stone_axe":60,"minecraft:cobblestone":59,"minecraft:hay_block":7,"minecraft:oak_sapling":3,"minecraft:bone_meal":45},"minecraft:crafted":{"minecraft:oak_planks":20,"minecraft:wooden_shovel":1,"minecraft:crafting_table":4,"minecraft:wooden_pickaxe":1,"minecraft:bone_meal":45,"minecraft:stone_axe":1,"minecraft:stick":44,"promenade:maple_planks":32,"minecraft:stone_pickaxe":4,"minecraft:wooden_axe":1,"minecraft:stone_sword":1,"minecraft:torch":80}},"DataVersion":3465}