{"stats":{"minecraft:dropped":{"minecraft:spruce_sign":1,"promenade:maple_planks":1,"minecraft:rotten_flesh":1,"minecraft:red_mushroom":3,"minecraft:packed_mud":1,"minecraft:dirt":2,"minecraft:mud_bricks":5,"fishofthieves:earthworms":2,"minecraft:wooden_axe":1,"minecraft:oak_sapling":4,"minecraft:spider_eye":1,"minecraft:stone_pickaxe":1,"minecraft:wooden_pickaxe":1,"promenade:fulvous_maple_sapling":17},"minecraft:broken":{"minecraft:stone_pickaxe":1},"minecraft:custom":{"lootr:looted_stat":15,"minecraft:mob_kills":8,"minecraft:interact_with_crafting_table":7,"minecraft:damage_dealt_resisted":0,"minecraft:time_since_death":10539,"minecraft:hex":0,"minecraft:time_since_rest":10595,"minecraft:sprint_one_cm":98317,"minecraft:damage_taken":3064,"minecraft:walk_one_cm":71087,"minecraft:damage_blocked_by_shield":225,"minecraft:drop":23,"minecraft:damage_dealt":1013,"minecraft:talked_to_villager":1,"minecraft:fly_one_cm":63150,"minecraft:crouch_one_cm":2468,"minecraft:play_time":40197,"minecraft:deaths":8,"minecraft:sneak_time":2442,"minecraft:walk_under_water_one_cm":1192,"minecraft:jump":414,"minecraft:walk_on_water_one_cm":9497,"minecraft:total_world_time":40197,"minecraft:fall_one_cm":15921},"minecraft:killed":{"minecraft:zombie_villager":1,"minecraft:spider":1,"minecraft:skeleton":1,"minecraft:zombie":5},"minecraft:killed_by":{"minecraft:vindicator":1,"minecraft:player":1,"mythicmobs:chupacabra":3,"minecraft:skeleton":2,"minecraft:zombie":1},"minecraft:picked_up":{"minecraft:mud_bricks":5,"promenade:fulvous_maple_sapling":17,"minecraft:red_mushroom":3,"minecraft:oak_log":5,"minecraft:dirt":13,"minecraft:bone":1,"minecraft:apple":2,"fishofthieves:earthworms":2,"promenade:maple_log":8,"twigs:twig":4,"minecraft:torch":1,"minecraft:spider_eye":1,"minecraft:dark_oak_planks":14,"minecraft:rotten_flesh":3,"minecraft:hay_block":8,"minecraft:spruce_sign":1,"minecraft:oak_sapling":7,"minecraft:coal":20,"minecraft:cobblestone":119},"minecraft:mined":{"minecraft:dark_oak_planks":24,"minecraft:oak_sapling":2,"minecraft:grass_block":2,"minecraft:cobblestone":6,"minecraft:mud_bricks":9,"minecraft:spawner":2,"minecraft:light_blue_stained_glass":3,"minecraft:hay_block":8,"minecraft:chain":1,"minecraft:packed_mud":2,"treechop:chopped_log":3,"minecraft:grass":1,"minecraft:coal_ore":20,"minecraft:oak_log":3,"minecraft:dirt":11,"minecraft:stone":129,"minecraft:oak_leaves":3},"minecraft:used":{"minecraft:stone_sword":25,"minecraft:stone_pickaxe":167,"simplyswords:iron_warglaive":12,"minecraft:wooden_pickaxe":9,"minecraft:shield":5,"minecraft:wooden_shovel":9,"minecraft:torch":4,"minecraft:dirt":11,"minecraft:crafting_table":3,"minecraft:wooden_axe":6,"minecraft:bread":3,"minecraft:packed_mud":1,"minecraft:stone_axe":36,"minecraft:cobblestone":18,"minecraft:hay_block":7,"minecraft:oak_sapling":3,"minecraft:bone_meal":45},"minecraft:crafted":{"minecraft:oak_planks":20,"minecraft:wooden_shovel":1,"minecraft:crafting_table":3,"minecraft:wooden_pickaxe":1,"minecraft:bone_meal":45,"minecraft:stone_axe":1,"minecraft:stick":44,"promenade:maple_planks":32,"minecraft:stone_pickaxe":4,"minecraft:wooden_axe":1,"minecraft:stone_sword":1,"minecraft:torch":80}},"DataVersion":3465}