{"stats":{"minecraft:dropped":{"minecraft:spider_eye":1,"minecraft:red_mushroom":3},"minecraft:custom":{"minecraft:jump":78,"minecraft:time_since_rest":3924,"minecraft:damage_dealt":195,"minecraft:sprint_one_cm":25224,"minecraft:deaths":1,"minecraft:play_time":4197,"minecraft:damage_taken":493,"minecraft:time_since_death":3782,"minecraft:walk_one_cm":10094,"minecraft:total_world_time":4197,"minecraft:hex":0,"minecraft:mob_kills":1,"minecraft:drop":4,"minecraft:fall_one_cm":1867,"minecraft:fly_one_cm":16172},"minecraft:killed_by":{"minecraft:vindicator":1},"minecraft:killed":{"minecraft:spider":1},"minecraft:picked_up":{"minecraft:hay_block":3,"minecraft:spider_eye":1,"minecraft:red_mushroom":3},"minecraft:mined":{"minecraft:hay_block":4}},"DataVersion":3465}