{"stats":{"minecraft:dropped":{"minecraft:spruce_sign":1,"minecraft:dark_oak_stairs":1,"minecraft:brown_mushroom":1,"minecraft:wheat_seeds":5,"minecraft:mossy_cobblestone":1,"minecraft:ender_pearl":1,"promenade:maple_planks":1,"minecraft:cobblestone":14,"minecraft:leather":2,"minecraft:granite":2,"simplyswords:gold_glaive":1,"minecraft:cracked_stone_bricks":1,"minecraft:spruce_door":4,"minecraft:red_mushroom":3,"minecraft:cobblestone_stairs":4,"minecraft:packed_mud":3,"minecraft:dirt":5,"minecraft:mossy_cobblestone_slab":1,"minecraft:torch":6,"naturalist:bass":1,"minecraft:dark_oak_trapdoor":4,"minecraft:wooden_axe":1,"minecraft:mud_brick_stairs":1,"minecraft:iron_leggings":2,"minecraft:writable_book":1,"minecraft:gold_nugget":44,"minecraft:gilded_blackstone":7,"minecraft:iron_axe":1,"promenade:fulvous_maple_sapling":17,"minecraft:iron_pickaxe":1,"minecraft:paper":6,"minecraft:dark_oak_planks":13,"minecraft:bucket":1,"fishofthieves:grubs":1,"minecraft:coarse_dirt":1,"minecraft:rotten_flesh":15,"minecraft:oak_planks":6,"patchouli:guide_book":2,"bosses_of_mass_destruction:soul_star":2,"minecraft:cobblestone_slab":2,"minecraft:potato":3,"minecraft:mud_bricks":7,"fishofthieves:earthworms":2,"minecraft:andesite":4,"minecraft:yellow_bed":1,"minecraft:mossy_stone_bricks":1,"minecraft:andesite_stairs":10,"minecraft:oak_sapling":4,"minecraft:chest":1,"minecraft:spider_eye":1,"minecraft:stone_bricks":1,"modern_industrialization:lignite_coal":3,"minecraft:spruce_slab":2,"minecraft:arrow":3,"minecraft:bow":1,"minecraft:stone_pickaxe":3,"minecraft:wooden_pickaxe":1,"simplyswords:iron_warglaive":1,"minecraft:magenta_wool":2},"minecraft:broken":{"minecraft:leather_helmet":1,"minecraft:iron_leggings":1,"minecraft:stone_pickaxe":1},"minecraft:custom":{"minecraft:interact_with_smithing_table":2,"lootr:looted_stat":146,"minecraft:mob_kills":108,"minecraft:interact_with_crafting_table":16,"minecraft:damage_dealt_resisted":0,"minecraft:eat_cake_slice":2,"minecraft:leave_game":1,"minecraft:time_since_death":68581,"minecraft:climb_one_cm":12443,"minecraft:damage_resisted":0,"minecraft:sprint_one_cm":613294,"minecraft:walk_one_cm":605259,"minecraft:damage_blocked_by_shield":2835,"minecraft:drop":124,"minecraft:talked_to_villager":8,"minecraft:play_time":223786,"minecraft:sneak_time":6804,"minecraft:deaths":12,"minecraft:walk_under_water_one_cm":18918,"minecraft:jump":1877,"minecraft:walk_on_water_one_cm":66375,"minecraft:total_world_time":223786,"minecraft:sleep_in_bed":4,"minecraft:hex":0,"minecraft:time_since_rest":35289,"minecraft:damage_taken":6868,"minecraft:damage_dealt":19996,"minecraft:swim_one_cm":33815,"minecraft:fly_one_cm":327928,"minecraft:open_chest":5,"minecraft:crouch_one_cm":6145,"minecraft:interact_with_smoker":2,"minecraft:fall_one_cm":51682},"minecraft:killed":{"minecraft:spider":1,"minecells:undead_archer":8,"fishofthieves:pondie":1,"minecraft:skeleton":10,"naturalist:bass":1,"minecraft:drowned":1,"minecells:leaping_zombie":21,"minecells:grenadier":3,"minecraft:zombie_villager":1,"minecraft:zombie":45,"minecells:shieldbearer":6,"minecraft:enderman":2,"minecraft:cow":8},"minecraft:killed_by":{"minecraft:player":1,"minecells:leaping_zombie":2,"minecraft:vindicator":1,"mythicmobs:chupacabra":3,"minecraft:skeleton":2,"minecraft:zombie":3},"minecraft:picked_up":{"minecraft:crafting_table":1,"minecells:putrid_sapling":1,"modern_industrialization:lignite_coal":3,"minecraft:coarse_dirt":1,"minecraft:brown_mushroom":1,"minecraft:smithing_table":1,"minecraft:gilded_blackstone":16,"minecraft:chain":1,"minecraft:brewing_stand":1,"minecraft:dark_oak_trapdoor":5,"minecraft:smooth_stone_slab":2,"minecraft:iron_leggings":1,"minecraft:armor_stand":2,"minecraft:magenta_wool":4,"bosses_of_mass_destruction:soul_star":2,"minecraft:cracked_stone_bricks":1,"minecraft:gold_nugget":44,"farmersdelight:half_tatami_mat":1,"minecraft:bucket":1,"minecraft:beef":20,"minecraft:andesite_stairs":10,"minecraft:cobblestone_slab":4,"minecraft:player_head":1,"minecraft:lectern":1,"minecraft:spruce_slab":4,"minecraft:sugar_cane":16,"minecells:guts":6,"minecraft:composter":4,"minecraft:torch":5,"minecells:monsters_eye":3,"fwaystones:waystone":2,"minecraft:carrot":56,"minecells:putrid_fence":1,"minecells:putrid_fence_gate":1,"minecraft:dark_oak_planks":44,"minecraft:arrow":16,"minecraft:rotten_flesh":80,"minecraft:hay_block":52,"minecraft:skeleton_skull":1,"minecraft:white_wool":5,"minecraft:cobblestone":169,"minecraft:mossy_cobblestone_slab":1,"minecraft:mud_bricks":14,"minecraft:andesite":4,"minecraft:leather":9,"promenade:fulvous_maple_sapling":17,"minecraft:mud_brick_stairs":3,"minecraft:red_mushroom":3,"minecraft:packed_mud":3,"fishofthieves:grubs":1,"minecraft:oak_log":5,"minecraft:chainmail_chestplate":2,"minecraft:yellow_bed":1,"minecraft:gunpowder":2,"minecraft:cobblestone_stairs":6,"minecraft:paper":3,"minecraft:dirt":18,"naturalist:bass":1,"minecraft:bone":10,"minecraft:apple":2,"minecraft:stone_bricks":5,"minecraft:stonecutter":1,"minecraft:bow":2,"minecraft:wheat_seeds":5,"minecraft:stone_pickaxe":1,"fishofthieves:earthworms":2,"promenade:maple_log":8,"minecraft:mossy_stone_bricks":1,"twigs:twig":4,"travelersbackpack:blank_upgrade":1,"minecraft:iron_sword":1,"minecraft:oak_planks":7,"minecraft:soul_sand":15,"minecraft:dark_oak_stairs":5,"minecraft:book":18,"patchouli:guide_book":1,"minecells:monster_cell":17,"fishofthieves:pondie":4,"minecells:infected_flesh":11,"minecraft:sand":1,"minecraft:orange_candle":2,"minecraft:spruce_door":4,"minecraft:mossy_cobblestone":4,"minecraft:spider_eye":1,"minecraft:leather_helmet":3,"travelersbackpack:standard":4,"minecells:explosive_bulb":3,"minecraft:writable_book":1,"minecraft:granite":2,"minecraft:spruce_sign":1,"minecraft:bread":22,"minecraft:oak_sapling":7,"minecraft:coal":20,"minecraft:ender_pearl":1},"minecraft:mined":{"minecraft:dark_oak_planks":43,"regions_unexplored:spruce_shrub":1,"farmersdelight:half_tatami_mat":1,"minecells:putrid_fence":1,"minecraft:oak_sapling":2,"minecraft:mossy_cobblestone":1,"minecraft:andesite_stairs":4,"minecraft:cobblestone_stairs":4,"minecraft:cyan_stained_glass":1,"minecraft:brewing_stand":1,"minecraft:granite":2,"minecraft:grass_block":7,"minecraft:orange_candle":1,"modern_industrialization:lignite_coal_ore":3,"minecraft:spruce_leaves":1,"minecraft:composter":4,"minecraft:mud_bricks":17,"minecraft:gilded_blackstone":13,"minecraft:spawner":9,"minecraft:light_blue_stained_glass":3,"minecraft:hay_block":52,"minecraft:mossy_cobblestone_slab":1,"minecraft:packed_mud":5,"minecraft:carrots":27,"minecraft:dark_oak_trapdoor":3,"regions_unexplored:mossy_stone":3,"minecraft:andesite":4,"treechop:chopped_log":3,"minecraft:dark_oak_stairs":4,"minecraft:bookshelf":12,"minecraft:vine":1,"minecraft:cobblestone_slab":2,"minecells:wilted_wall_leaves":1,"minecells:putrid_fence_gate":1,"minecraft:stone":147,"minecraft:player_head":1,"minecraft:white_wool":6,"minecraft:spruce_slab":5,"regions_unexplored:felicia_daisy":1,"minecraft:smithing_table":1,"minecraft:soul_sand":16,"minecraft:spruce_door":1,"travelersbackpack:standard":2,"minecraft:crafting_table":1,"minecraft:torch":1,"minecraft:mud_brick_stairs":3,"minecraft:chest":1,"minecraft:lectern":1,"minecraft:cobblestone":43,"minecraft:oak_planks":10,"minecraft:sugar_cane":9,"minecraft:chain":1,"minecraft:coarse_dirt":1,"minecraft:wheat":2,"minecraft:yellow_bed":2,"minecraft:smooth_stone_slab":2,"minecraft:grass":5,"minecraft:oak_log":3,"minecraft:coal_ore":20,"minecraft:gravel":1,"minecraft:dirt":14,"minecraft:sand":1,"minecraft:cracked_stone_bricks":1,"minecraft:stonecutter":1,"minecraft:stone_bricks":5,"minecraft:cyan_candle":1,"minecraft:mossy_stone_bricks":3,"minecraft:magenta_wool":3,"minecraft:oak_leaves":3,"minecraft:fern":1,"minecraft:suspicious_gravel":1},"minecraft:used":{"minecraft:writable_book":1,"minecraft:stone_sword":25,"minecraft:armor_stand":2,"minecraft:spruce_slab":2,"mcdw:glaive_glaive":1,"farmersdelight:half_tatami_mat":1,"simplyswords:iron_warglaive":167,"minecraft:shield":40,"minecraft:iron_sword":258,"minecraft:wooden_shovel":9,"minecraft:rotten_flesh":8,"minecraft:iron_chestplate":3,"minecraft:torch":95,"minecraft:dirt":13,"minecraft:chainmail_chestplate":1,"minecraft:mud_brick_stairs":2,"minecraft:wooden_axe":6,"minecraft:iron_axe":45,"minecraft:packed_mud":2,"minecraft:mud_bricks":6,"minecraft:stone_bricks":4,"minecraft:beef":2,"simplyswords:iron_scythe":196,"minecraft:hay_block":7,"minecraft:oak_sapling":3,"naturalist:bass_bucket":2,"minecraft:potato":5,"minecraft:water_bucket":1,"minecraft:diorite":4,"fishofthieves:pondie_bucket":1,"minecraft:stone_pickaxe":201,"minecraft:oak_planks":9,"minecraft:wooden_pickaxe":9,"minecraft:gilded_blackstone":9,"simplyswords:diamond_greataxe":174,"minecraft:mossy_cobblestone":3,"minecraft:crafting_table":6,"minecraft:apple":3,"minecraft:bread":54,"minecraft:iron_pickaxe":100,"minecraft:stone_axe":65,"travelersbackpack:standard":20,"minecraft:cobblestone":123,"minecraft:smithing_table":1,"minecraft:bucket":4,"minecraft:bone_meal":45,"fwaystones:waystone":1},"minecraft:crafted":{"minecraft:oak_planks":20,"comforts:sleeping_bag_white":1,"minecraft:bone_meal":45,"promenade:maple_planks":32,"minecraft:stone_pickaxe":4,"minecraft:chest":2,"minecraft:wheat":72,"minecraft:wooden_shovel":1,"travelersbackpack:iron_tier_upgrade":1,"minecraft:crafting_table":5,"minecraft:wooden_pickaxe":1,"travelersbackpack:standard":2,"minecraft:smithing_table":1,"minecraft:stone_axe":1,"minecraft:bread":24,"minecraft:stick":44,"minecraft:wooden_axe":1,"minecraft:stone_sword":1,"minecraft:torch":80}},"DataVersion":3465}