{"stats":{"minecraft:dropped":{"minecraft:spruce_sign":1,"minecraft:coarse_dirt":1,"minecraft:mossy_cobblestone":1,"promenade:maple_planks":1,"minecraft:rotten_flesh":2,"minecraft:red_mushroom":3,"minecraft:cobblestone_stairs":2,"minecraft:packed_mud":2,"minecraft:dirt":3,"minecraft:cobblestone_slab":2,"minecraft:mud_bricks":7,"minecraft:mossy_cobblestone_slab":1,"fishofthieves:earthworms":2,"minecraft:wooden_axe":1,"minecraft:oak_sapling":4,"minecraft:spider_eye":1,"minecraft:spruce_slab":2,"minecraft:stone_pickaxe":1,"minecraft:wooden_pickaxe":1,"promenade:fulvous_maple_sapling":17},"minecraft:broken":{"minecraft:stone_pickaxe":1},"minecraft:custom":{"lootr:looted_stat":41,"minecraft:mob_kills":21,"minecraft:interact_with_crafting_table":8,"minecraft:damage_dealt_resisted":0,"minecraft:eat_cake_slice":2,"minecraft:time_since_death":34539,"minecraft:hex":0,"minecraft:time_since_rest":34595,"minecraft:sprint_one_cm":156324,"minecraft:damage_taken":3571,"minecraft:walk_one_cm":111335,"minecraft:damage_blocked_by_shield":225,"minecraft:drop":34,"minecraft:damage_dealt":2279,"minecraft:swim_one_cm":2042,"minecraft:talked_to_villager":2,"minecraft:fly_one_cm":92958,"minecraft:open_chest":1,"minecraft:crouch_one_cm":3974,"minecraft:play_time":64197,"minecraft:deaths":8,"minecraft:sneak_time":4477,"minecraft:walk_under_water_one_cm":1980,"minecraft:jump":678,"minecraft:walk_on_water_one_cm":27692,"minecraft:total_world_time":64197,"minecraft:fall_one_cm":22469},"minecraft:killed":{"minecraft:zombie_villager":1,"minecraft:spider":1,"minecraft:skeleton":3,"minecraft:zombie":14,"minecraft:cow":1,"minecraft:enderman":1},"minecraft:killed_by":{"minecraft:vindicator":1,"minecraft:player":1,"mythicmobs:chupacabra":3,"minecraft:skeleton":2,"minecraft:zombie":1},"minecraft:picked_up":{"minecraft:coarse_dirt":1,"minecraft:mossy_cobblestone_slab":1,"minecraft:mud_bricks":7,"minecraft:leather":2,"promenade:fulvous_maple_sapling":17,"minecraft:red_mushroom":3,"minecraft:packed_mud":1,"minecraft:chain":1,"minecraft:oak_log":5,"minecraft:cobblestone_stairs":4,"minecraft:dirt":14,"minecraft:bone":3,"minecraft:apple":2,"minecraft:beef":2,"minecraft:cobblestone_slab":4,"minecraft:player_head":1,"fishofthieves:earthworms":2,"promenade:maple_log":8,"minecraft:spruce_slab":4,"twigs:twig":4,"minecraft:sugar_cane":6,"minecraft:dark_oak_stairs":2,"minecraft:book":6,"minecraft:torch":1,"minecraft:orange_candle":2,"minecraft:mossy_cobblestone":1,"minecraft:spider_eye":1,"minecraft:dark_oak_planks":31,"minecraft:arrow":2,"minecraft:rotten_flesh":10,"minecraft:hay_block":8,"minecraft:spruce_sign":1,"minecraft:oak_sapling":7,"minecraft:coal":20,"minecraft:cobblestone":139},"minecraft:mined":{"minecraft:dark_oak_planks":43,"minecraft:oak_sapling":2,"minecraft:mossy_cobblestone":1,"minecraft:cobblestone_stairs":2,"minecraft:cyan_stained_glass":1,"minecraft:grass_block":3,"minecraft:chest":1,"minecraft:orange_candle":1,"minecraft:cobblestone":26,"minecraft:sugar_cane":3,"minecraft:mud_bricks":10,"minecraft:spawner":3,"minecraft:light_blue_stained_glass":3,"minecraft:hay_block":8,"minecraft:chain":1,"minecraft:coarse_dirt":1,"minecraft:mossy_cobblestone_slab":1,"minecraft:packed_mud":3,"treechop:chopped_log":3,"minecraft:dark_oak_stairs":2,"minecraft:grass":1,"minecraft:bookshelf":2,"minecraft:coal_ore":20,"minecraft:oak_log":3,"minecraft:cobblestone_slab":2,"minecraft:gravel":1,"minecraft:dirt":11,"minecraft:stone":129,"minecraft:player_head":1,"minecraft:spruce_slab":5,"minecraft:oak_leaves":3,"minecraft:suspicious_gravel":1},"minecraft:used":{"minecraft:stone_sword":25,"minecraft:spruce_slab":2,"minecraft:stone_pickaxe":196,"simplyswords:iron_warglaive":49,"minecraft:wooden_pickaxe":9,"minecraft:shield":5,"minecraft:wooden_shovel":9,"minecraft:torch":4,"simplyswords:diamond_greataxe":25,"minecraft:dirt":11,"minecraft:crafting_table":4,"minecraft:wooden_axe":6,"minecraft:apple":3,"minecraft:bread":12,"minecraft:iron_pickaxe":3,"minecraft:packed_mud":1,"minecraft:stone_axe":65,"minecraft:cobblestone":80,"minecraft:beef":2,"minecraft:hay_block":7,"minecraft:oak_sapling":3,"minecraft:bone_meal":45},"minecraft:crafted":{"minecraft:oak_planks":20,"minecraft:wooden_shovel":1,"minecraft:crafting_table":4,"minecraft:wooden_pickaxe":1,"minecraft:bone_meal":45,"minecraft:stone_axe":1,"minecraft:stick":44,"promenade:maple_planks":32,"minecraft:stone_pickaxe":4,"minecraft:wooden_axe":1,"minecraft:stone_sword":1,"minecraft:torch":80}},"DataVersion":3465}