{"stats":{"minecraft:broken":{"minecraft:iron_leggings":1,"minecraft:stone_pickaxe":1,"minecraft:leather_helmet":1},"minecraft:dropped":{"minecraft:spruce_sign":1,"minecraft:brown_mushroom":5,"minecraft:dark_oak_stairs":1,"minecraft:ender_pearl":1,"minecraft:crafting_table":1,"promenade:maple_planks":1,"fishofthieves:islehopper":1,"minecraft:leather":4,"simplyswords:iron_halberd":6,"minecraft:cracked_stone_bricks":1,"minecraft:red_mushroom":8,"minecraft:cobblestone_stairs":4,"minecraft:packed_mud":3,"minecraft:dirt":13,"fishofthieves:splashtail":1,"minecraft:dark_oak_trapdoor":4,"fishofthieves:plentifin":1,"minecraft:gilded_blackstone":7,"minecraft:writable_book":1,"minecraft:gold_nugget":44,"minecraft:sand":6,"promenade:fulvous_maple_sapling":17,"minecraft:iron_pickaxe":1,"minecraft:dark_oak_planks":24,"ftbquests:book":1,"fishofthieves:grubs":7,"minecraft:bone":8,"vinery:cherry_sapling":3,"minecraft:rotten_flesh":72,"minecraft:oak_planks":76,"regions_unexplored:maple_slab":4,"patchouli:guide_book":2,"bosses_of_mass_destruction:soul_star":2,"minecraft:chest":1,"modern_industrialization:lignite_coal":3,"minecraft:spruce_slab":2,"minecraft:arrow":5,"minecraft:beef":12,"fishofthieves:wrecker":2,"minecraft:magenta_wool":2,"minecraft:bread":2,"minecraft:wheat_seeds":7,"minecraft:mossy_cobblestone":1,"minecraft:iron_helmet":1,"minecraft:cobblestone":16,"minecraft:granite":2,"simplyswords:gold_glaive":1,"minecraft:spruce_door":4,"minecraft:coal":4,"minecraft:stick":4,"minecraft:mossy_cobblestone_slab":1,"minecraft:torch":6,"naturalist:bass":1,"minecraft:wooden_axe":1,"minecraft:mud_brick_stairs":1,"minecraft:iron_leggings":2,"fishofthieves:devilfish":2,"minecraft:iron_axe":2,"fishofthieves:wildsplash":1,"minecraft:paper":6,"minecraft:bucket":1,"fishofthieves:ancientscale":1,"simplyswords:diamond_greataxe":1,"minecraft:coarse_dirt":1,"prominent:music_disc_coniferus_forest":1,"vinery:cherry_planks":24,"minecraft:cobblestone_slab":2,"minecraft:potato":3,"minecraft:cyan_wool":6,"minecraft:mud_bricks":7,"minecraft:shield":1,"bewitchment:mandrake_seeds":1,"fishofthieves:earthworms":5,"minecraft:andesite":4,"minecraft:mossy_stone_bricks":1,"minecraft:yellow_bed":1,"minecraft:andesite_stairs":10,"minecraft:oak_sapling":4,"minecraft:spider_eye":1,"minecraft:stone_bricks":1,"minecraft:bow":1,"minecraft:stone_pickaxe":3,"minecraft:wooden_pickaxe":1,"regions_unexplored:silt_dirt":1,"simplyswords:iron_warglaive":1},"minecraft:custom":{"lootr:looted_stat":208,"minecraft:interact_with_crafting_table":53,"minecraft:bell_ring":1,"minecraft:eat_cake_slice":2,"minecraft:leave_game":3,"minecraft:time_since_death":4722,"minecraft:damage_resisted":0,"minecraft:sprint_one_cm":1225722,"minecraft:damage_blocked_by_shield":2835,"minecraft:drop":213,"minecraft:talked_to_villager":15,"minecraft:play_time":374140,"minecraft:deaths":13,"minecraft:jump":3358,"minecraft:walk_on_water_one_cm":94812,"minecraft:interact_with_furnace":19,"minecraft:sleep_in_bed":14,"minecraft:damage_dealt":26210,"minecraft:crouch_one_cm":8025,"minecraft:interact_with_smoker":2,"minecraft:interact_with_smithing_table":7,"minecraft:mob_kills":155,"minecraft:damage_dealt_resisted":0,"minecraft:climb_one_cm":19264,"minecraft:walk_one_cm":962046,"minecraft:sneak_time":8861,"minecraft:walk_under_water_one_cm":31014,"minecraft:boat_one_cm":80945,"minecraft:total_world_time":374140,"minecraft:hex":0,"minecraft:time_since_rest":3808,"minecraft:damage_taken":8299,"minecraft:swim_one_cm":57495,"minecraft:fly_one_cm":668322,"minecraft:open_chest":5,"minecraft:fall_one_cm":90097},"minecraft:killed_by":{"minecraft:vindicator":1,"minecraft:cave_spider":1,"mythicmobs:chupacabra":3,"minecraft:zombie":3,"minecraft:player":1,"minecells:leaping_zombie":2,"minecraft:skeleton":2},"minecraft:killed":{"minecraft:cave_spider":2,"minecraft:spider":2,"minecraft:skeleton":13,"minecraft:silverfish":6,"minecells:leaping_zombie":21,"minecells:grenadier":3,"minecraft:zombie_villager":1,"naturalist:snake":2,"minecraft:iron_golem":1,"minecraft:pillager":3,"tinyskeletons:baby_skeleton":1,"minecraft:zombie":47,"minecells:shieldbearer":6,"minecraft:cow":24,"minecraft:vindicator":1,"minecells:undead_archer":8,"fishofthieves:pondie":1,"naturalist:bass":1,"minecraft:drowned":1,"friendsandfoes:copper_golem":1,"friendsandfoes:moobloom":6,"minecraft:villager":2,"minecraft:enderman":2},"minecraft:picked_up":{"minecraft:smithing_table":5,"regions_unexplored:silt_dirt":1,"vinery:cherry_log":5,"minecraft:gilded_blackstone":16,"minecraft:brewing_stand":2,"travelersbackpack:emerald":1,"minecraft:dark_oak_trapdoor":5,"travelersbackpack:diamond":4,"minecraft:smooth_stone_slab":2,"minecraft:iron_leggings":1,"minecraft:armor_stand":2,"bosses_of_mass_destruction:soul_star":2,"minecraft:gold_nugget":44,"minecraft:bucket":1,"minecraft:cobblestone_slab":4,"minecraft:coal_block":4,"vinery:cherry_planks":12,"minecraft:furnace":10,"minecells:guts":6,"minecraft:stick":2,"minecraft:composter":6,"minecraft:torch":5,"minecells:putrid_fence":1,"minecraft:rotten_flesh":80,"minecraft:cobblestone":199,"minecraft:mossy_cobblestone_slab":1,"minecraft:andesite":4,"promenade:fulvous_maple_sapling":17,"minecraft:mud_brick_stairs":3,"minecraft:dirt":39,"minecraft:bone":18,"minecraft:chipped_anvil":3,"minecraft:stonecutter":2,"minecraft:bow":2,"minecraft:wheat_seeds":9,"minecraft:grindstone":3,"fishofthieves:earthworms":7,"minecraft:mossy_stone_bricks":1,"twigs:twig":4,"minecraft:oak_planks":72,"patchouli:guide_book":1,"fishofthieves:pondie":4,"minecraft:sand":32,"minecraft:mossy_cobblestone":4,"minecells:explosive_bulb":3,"minecraft:writable_book":1,"minecraft:granite":2,"minecraft:emerald":1,"minecraft:spruce_sign":1,"minecraft:bread":22,"minecraft:oak_sapling":7,"minecraft:coarse_dirt":1,"minecells:putrid_sapling":1,"modern_industrialization:lignite_coal":3,"minecraft:crafting_table":4,"minecraft:brown_mushroom":5,"minecraft:chain":1,"minecraft:magenta_wool":4,"vinery:cherry_sapling":3,"minecraft:cracked_stone_bricks":1,"farmersdelight:half_tatami_mat":1,"minecraft:beef":77,"minecraft:andesite_stairs":10,"minecraft:cyan_wool":15,"minecraft:player_head":1,"minecraft:spruce_slab":4,"minecraft:light_gray_wool":25,"minecraft:lectern":1,"minecraft:sugar_cane":26,"minecraft:copper_ingot":3,"minecells:monsters_eye":3,"simplyswords:iron_halberd":5,"fwaystones:waystone":2,"minecraft:carrot":56,"minecells:putrid_fence_gate":1,"minecraft:dark_oak_planks":49,"minecraft:arrow":21,"minecraft:hay_block":52,"minecraft:skeleton_skull":1,"minecraft:white_wool":8,"minecraft:mud_bricks":14,"minecraft:leather":36,"minecraft:red_mushroom":8,"minecraft:packed_mud":3,"fishofthieves:grubs":7,"minecraft:oak_log":20,"minecraft:chainmail_chestplate":2,"minecraft:yellow_bed":1,"minecraft:gunpowder":2,"minecraft:cobblestone_stairs":6,"minecraft:paper":3,"naturalist:bass":1,"minecraft:apple":2,"minecraft:stone_bricks":5,"bewitchment:mandrake_seeds":1,"minecraft:iron_ingot":4,"minecraft:stone_pickaxe":1,"promenade:maple_log":8,"minecraft:soul_sand":15,"travelersbackpack:blank_upgrade":1,"minecraft:iron_sword":1,"minecraft:dark_oak_stairs":5,"minecraft:book":18,"minecells:monster_cell":17,"minecells:infected_flesh":11,"minecraft:orange_candle":2,"minecraft:spruce_door":4,"minecraft:spider_eye":1,"minecraft:leather_helmet":3,"travelersbackpack:standard":5,"fishofthieves:devilfish":1,"regions_unexplored:maple_log":2,"minecraft:coal":24,"minecraft:ender_pearl":1},"minecraft:mined":{"minecraft:dark_oak_planks":43,"farmersdelight:half_tatami_mat":1,"minecells:putrid_fence":1,"minecraft:oak_sapling":2,"regions_unexplored:maple_log":2,"minecraft:andesite_stairs":4,"minecraft:cobblestone_stairs":4,"minecraft:brewing_stand":2,"minecraft:granite":2,"minecraft:grass_block":23,"minecraft:orange_candle":1,"modern_industrialization:lignite_coal_ore":3,"minecraft:coal_block":4,"minecraft:mud_bricks":17,"minecraft:composter":6,"minecraft:gilded_blackstone":13,"minecraft:spawner":11,"minecraft:light_blue_stained_glass":3,"minecraft:mossy_cobblestone_slab":1,"minecraft:dark_oak_trapdoor":3,"minecraft:iron_ore":4,"regions_unexplored:mossy_stone":3,"minecraft:dark_oak_stairs":4,"minecells:wilted_wall_leaves":1,"regions_unexplored:silt_grass_block":1,"minecraft:player_head":1,"minecraft:spruce_slab":5,"minecraft:torch":1,"minecraft:mud_brick_stairs":3,"minecraft:chest":1,"minecraft:cobblestone":43,"minecraft:grindstone":3,"minecraft:sugar_cane":14,"minecraft:oak_planks":10,"travelersbackpack:diamond":4,"minecraft:chain":1,"minecraft:cyan_wool":12,"minecraft:wheat":2,"minecraft:light_gray_wool":25,"minecraft:stone_brick_stairs":1,"minecraft:smooth_stone_slab":2,"minecraft:grass":23,"minecraft:oak_log":18,"minecraft:sand":30,"minecraft:dirt":37,"minecraft:stonecutter":2,"travelersbackpack:emerald":1,"minecraft:oak_leaves":3,"minecraft:magenta_wool":3,"minecraft:cyan_candle":1,"minecraft:suspicious_gravel":1,"regions_unexplored:spruce_shrub":1,"minecraft:mossy_cobblestone":1,"minecraft:cyan_stained_glass":1,"minecraft:spruce_leaves":1,"minecraft:hay_block":52,"minecraft:furnace":10,"minecraft:packed_mud":5,"minecraft:carrots":27,"minecraft:andesite":4,"treechop:chopped_log":4,"minecraft:bookshelf":12,"minecraft:cobblestone_slab":2,"minecraft:vine":1,"minecells:putrid_fence_gate":1,"regions_unexplored:medium_grass":5,"minecraft:stone":176,"minecraft:white_wool":9,"regions_unexplored:felicia_daisy":1,"minecraft:smithing_table":5,"minecraft:soul_sand":16,"minecraft:infested_stone_bricks":1,"minecraft:spruce_door":1,"travelersbackpack:standard":3,"minecraft:crafting_table":5,"minecraft:lectern":1,"minecraft:tall_grass":1,"minecraft:coarse_dirt":1,"minecraft:mangrove_leaves":3,"minecraft:yellow_bed":2,"minecraft:coal_ore":24,"minecraft:gravel":1,"regions_unexplored:blackwood_leaves":2,"minecraft:cracked_stone_bricks":1,"minecraft:stone_bricks":8,"minecraft:mossy_stone_bricks":3,"minecraft:chipped_anvil":3,"minecraft:fern":2},"minecraft:used":{"fwaystones:waystone":1,"minecraft:writable_book":1,"minecraft:spruce_slab":2,"minecraft:shield":40,"minecraft:iron_sword":258,"travelersbackpack:diamond":18,"minecraft:rotten_flesh":8,"minecraft:iron_chestplate":3,"travelersbackpack:emerald":2,"minecraft:packed_mud":2,"minecraft:stone_bricks":4,"simplyswords:iron_scythe":196,"minecraft:hay_block":7,"minecraft:oak_sapling":3,"minecraft:furnace":10,"minecraft:potato":5,"minecraft:diorite":4,"minecraft:stone_pickaxe":201,"minecraft:oak_planks":18,"minecraft:wooden_pickaxe":9,"simplyswords:diamond_greataxe":174,"minecraft:sand":1,"simplyswords:diamond_claymore":146,"minecraft:shears":25,"minecraft:bread":87,"minecraft:smithing_table":3,"minecraft:oak_boat":1,"minecraft:bone_meal":45,"minecraft:stone_sword":25,"minecraft:armor_stand":2,"mcdw:glaive_glaive":1,"farmersdelight:half_tatami_mat":1,"simplyswords:iron_warglaive":167,"minecraft:wooden_shovel":9,"regions_unexplored:maple_planks":5,"minecraft:torch":95,"minecraft:dirt":26,"minecraft:chainmail_chestplate":1,"minecraft:mud_brick_stairs":2,"minecraft:dark_oak_planks":13,"minecraft:wooden_axe":6,"minecraft:iron_axe":79,"minecraft:iron_boots":1,"minecraft:mud_bricks":6,"minecraft:golden_carrot":3,"minecraft:beef":2,"naturalist:bass_bucket":2,"minecraft:iron_leggings":1,"minecraft:water_bucket":1,"regions_unexplored:maple_slab":2,"minecells:putrid_planks":3,"fishofthieves:pondie_bucket":1,"minecraft:gilded_blackstone":9,"minecraft:mossy_cobblestone":3,"minecraft:crafting_table":11,"minecraft:apple":3,"minecraft:diamond_shovel":65,"minecraft:iron_pickaxe":180,"minecraft:stone_axe":65,"minecraft:cobblestone":127,"travelersbackpack:standard":28,"minecraft:bucket":4},"minecraft:crafted":{"minecraft:oak_planks":80,"regions_unexplored:maple_planks":8,"vinery:cherry_planks":20,"minecraft:diamond_shovel":1,"travelersbackpack:diamond":2,"minecraft:glass":24,"minecraft:chest":4,"minecraft:wooden_shovel":1,"travelersbackpack:iron_tier_upgrade":2,"minecraft:crafting_table":8,"minecraft:wooden_pickaxe":1,"travelersbackpack:standard":5,"minecraft:smithing_table":1,"minecraft:gold_block":13,"travelersbackpack:emerald":1,"minecraft:stick":48,"minecraft:iron_ingot":27,"minecraft:iron_block":17,"minecraft:stone_sword":1,"minecraft:gold_ingot":18,"regions_unexplored:maple_slab":6,"minecraft:shears":1,"comforts:sleeping_bag_white":1,"minecraft:furnace":3,"minecraft:bone_meal":45,"travelersbackpack:blank_upgrade":4,"travelersbackpack:gold_tier_upgrade":2,"promenade:maple_planks":32,"comforts:sleeping_bag_cyan":1,"minecraft:stone_pickaxe":4,"travelersbackpack:diamond_tier_upgrade":1,"minecraft:wheat":72,"travelersbackpack:backpack_tank":4,"minecraft:stone_axe":1,"minecraft:bread":24,"minecraft:air":0,"minecraft:oak_boat":1,"minecraft:wooden_axe":1,"minecraft:torch":80}},"DataVersion":3465}