{"stats":{"minecraft:dropped":{"minecraft:spruce_sign":1,"minecraft:wooden_axe":1,"minecraft:spider_eye":1,"minecraft:wooden_pickaxe":1,"promenade:fulvous_maple_sapling":3,"minecraft:red_mushroom":3},"minecraft:broken":{"minecraft:stone_pickaxe":1},"minecraft:custom":{"minecraft:time_since_rest":1302,"lootr:looted_stat":8,"minecraft:sprint_one_cm":76176,"minecraft:damage_taken":2481,"minecraft:walk_one_cm":54581,"minecraft:damage_blocked_by_shield":90,"minecraft:mob_kills":3,"minecraft:drop":10,"minecraft:damage_dealt":590,"minecraft:talked_to_villager":1,"minecraft:interact_with_crafting_table":6,"minecraft:fly_one_cm":51882,"minecraft:crouch_one_cm":658,"minecraft:play_time":28197,"minecraft:deaths":7,"minecraft:walk_under_water_one_cm":1192,"minecraft:sneak_time":432,"minecraft:jump":361,"minecraft:walk_on_water_one_cm":9272,"minecraft:time_since_death":1273,"minecraft:total_world_time":28197,"minecraft:hex":0,"minecraft:fall_one_cm":11990},"minecraft:killed_by":{"minecraft:vindicator":1,"minecraft:player":1,"minecraft:skeleton":2,"mythicmobs:chupacabra":2,"minecraft:zombie":1},"minecraft:killed":{"minecraft:skeleton":1,"minecraft:zombie":1,"minecraft:spider":1},"minecraft:picked_up":{"minecraft:mud_bricks":5,"promenade:fulvous_maple_sapling":17,"minecraft:torch":1,"minecraft:red_mushroom":3,"minecraft:oak_log":5,"minecraft:spider_eye":1,"minecraft:dirt":13,"minecraft:bone":1,"minecraft:rotten_flesh":1,"minecraft:apple":2,"minecraft:hay_block":8,"fishofthieves:earthworms":2,"promenade:maple_log":8,"minecraft:spruce_sign":1,"minecraft:oak_sapling":7,"twigs:twig":4,"minecraft:coal":20,"minecraft:cobblestone":116},"minecraft:mined":{"minecraft:hay_block":8,"minecraft:oak_sapling":2,"minecraft:packed_mud":2,"treechop:chopped_log":3,"minecraft:oak_log":3,"minecraft:grass":1,"minecraft:grass_block":2,"minecraft:coal_ore":20,"minecraft:dirt":11,"minecraft:stone":129,"minecraft:mud_bricks":9,"minecraft:oak_leaves":3},"minecraft:used":{"minecraft:wooden_axe":6,"minecraft:stone_sword":14,"minecraft:bread":3,"minecraft:stone_pickaxe":158,"minecraft:shield":2,"minecraft:wooden_pickaxe":9,"minecraft:wooden_shovel":9,"minecraft:stone_axe":12,"minecraft:torch":4,"minecraft:dirt":11,"minecraft:hay_block":7,"minecraft:crafting_table":2,"minecraft:oak_sapling":3,"minecraft:bone_meal":45},"minecraft:crafted":{"minecraft:wooden_shovel":1,"minecraft:crafting_table":2,"minecraft:stick":40,"promenade:maple_planks":32,"minecraft:wooden_pickaxe":1,"minecraft:stone_pickaxe":2,"minecraft:wooden_axe":1,"minecraft:stone_sword":1,"minecraft:bone_meal":45,"minecraft:torch":80,"minecraft:stone_axe":1}},"DataVersion":3465}