{"stats":{"minecraft:dropped":{"minecraft:spruce_sign":1,"minecraft:dark_oak_stairs":1,"minecraft:brown_mushroom":5,"minecraft:wheat_seeds":7,"minecraft:crafting_table":1,"minecraft:mossy_cobblestone":1,"minecraft:ender_pearl":1,"promenade:maple_planks":1,"minecraft:cobblestone":16,"minecraft:leather":4,"simplyswords:iron_halberd":6,"minecraft:granite":2,"simplyswords:gold_glaive":1,"minecraft:cracked_stone_bricks":1,"minecraft:spruce_door":4,"minecraft:red_mushroom":3,"minecraft:stick":4,"minecraft:cobblestone_stairs":4,"minecraft:packed_mud":3,"minecraft:dirt":5,"minecraft:mossy_cobblestone_slab":1,"minecraft:torch":6,"naturalist:bass":1,"minecraft:dark_oak_trapdoor":4,"minecraft:wooden_axe":1,"minecraft:mud_brick_stairs":1,"minecraft:sand":6,"minecraft:iron_leggings":2,"minecraft:writable_book":1,"minecraft:gold_nugget":44,"minecraft:gilded_blackstone":7,"minecraft:iron_axe":1,"promenade:fulvous_maple_sapling":17,"minecraft:iron_pickaxe":1,"minecraft:paper":6,"minecraft:dark_oak_planks":19,"ftbquests:book":1,"minecraft:bucket":1,"fishofthieves:grubs":7,"simplyswords:diamond_greataxe":1,"minecraft:coarse_dirt":1,"minecraft:rotten_flesh":15,"prominent:music_disc_coniferus_forest":1,"minecraft:oak_planks":71,"patchouli:guide_book":2,"bosses_of_mass_destruction:soul_star":2,"minecraft:cobblestone_slab":2,"minecraft:potato":3,"minecraft:mud_bricks":7,"minecraft:shield":1,"bewitchment:mandrake_seeds":1,"fishofthieves:earthworms":3,"minecraft:andesite":4,"minecraft:yellow_bed":1,"minecraft:mossy_stone_bricks":1,"minecraft:andesite_stairs":10,"minecraft:oak_sapling":4,"minecraft:chest":1,"minecraft:spider_eye":1,"minecraft:stone_bricks":1,"modern_industrialization:lignite_coal":3,"minecraft:spruce_slab":2,"minecraft:beef":12,"minecraft:arrow":3,"minecraft:bow":1,"minecraft:stone_pickaxe":3,"minecraft:wooden_pickaxe":1,"simplyswords:iron_warglaive":1,"minecraft:magenta_wool":2},"minecraft:broken":{"minecraft:leather_helmet":1,"minecraft:iron_leggings":1,"minecraft:stone_pickaxe":1},"minecraft:custom":{"minecraft:interact_with_smithing_table":2,"lootr:looted_stat":149,"minecraft:mob_kills":114,"minecraft:interact_with_crafting_table":33,"minecraft:damage_dealt_resisted":0,"minecraft:eat_cake_slice":2,"minecraft:leave_game":1,"minecraft:time_since_death":104581,"minecraft:climb_one_cm":12443,"minecraft:damage_resisted":0,"minecraft:sprint_one_cm":704361,"minecraft:walk_one_cm":688355,"minecraft:damage_blocked_by_shield":2835,"minecraft:drop":165,"minecraft:talked_to_villager":8,"minecraft:play_time":259786,"minecraft:sneak_time":7021,"minecraft:deaths":12,"minecraft:walk_under_water_one_cm":20340,"minecraft:jump":2028,"minecraft:walk_on_water_one_cm":77221,"minecraft:total_world_time":259786,"minecraft:interact_with_furnace":18,"minecraft:sleep_in_bed":5,"minecraft:hex":0,"minecraft:time_since_rest":10257,"minecraft:damage_taken":6868,"minecraft:damage_dealt":20590,"minecraft:swim_one_cm":42337,"minecraft:fly_one_cm":412061,"minecraft:open_chest":5,"minecraft:crouch_one_cm":6145,"minecraft:interact_with_smoker":2,"minecraft:fall_one_cm":54250},"minecraft:killed":{"minecraft:spider":1,"minecells:undead_archer":8,"fishofthieves:pondie":1,"minecraft:skeleton":10,"naturalist:bass":1,"minecraft:drowned":1,"minecells:leaping_zombie":21,"minecells:grenadier":3,"minecraft:zombie_villager":1,"minecraft:zombie":45,"friendsandfoes:moobloom":2,"minecells:shieldbearer":6,"minecraft:enderman":2,"minecraft:cow":12},"minecraft:killed_by":{"minecraft:player":1,"minecells:leaping_zombie":2,"minecraft:vindicator":1,"mythicmobs:chupacabra":3,"minecraft:skeleton":2,"minecraft:zombie":3},"minecraft:picked_up":{"minecraft:crafting_table":3,"minecells:putrid_sapling":1,"modern_industrialization:lignite_coal":3,"minecraft:coarse_dirt":1,"minecraft:brown_mushroom":5,"minecraft:smithing_table":2,"minecraft:gilded_blackstone":16,"minecraft:chain":1,"minecraft:brewing_stand":1,"minecraft:dark_oak_trapdoor":5,"travelersbackpack:diamond":2,"minecraft:smooth_stone_slab":2,"minecraft:iron_leggings":1,"minecraft:armor_stand":2,"minecraft:magenta_wool":4,"bosses_of_mass_destruction:soul_star":2,"minecraft:cracked_stone_bricks":1,"minecraft:gold_nugget":44,"farmersdelight:half_tatami_mat":1,"minecraft:bucket":1,"minecraft:beef":43,"minecraft:andesite_stairs":10,"minecraft:cobblestone_slab":4,"minecraft:player_head":1,"minecraft:lectern":1,"minecraft:spruce_slab":4,"minecraft:sugar_cane":16,"minecraft:furnace":4,"minecraft:stick":2,"minecells:guts":6,"minecraft:composter":4,"minecraft:torch":5,"minecells:monsters_eye":3,"simplyswords:iron_halberd":5,"fwaystones:waystone":2,"minecraft:carrot":56,"minecells:putrid_fence":1,"minecells:putrid_fence_gate":1,"minecraft:dark_oak_planks":44,"minecraft:arrow":16,"minecraft:rotten_flesh":80,"minecraft:hay_block":52,"minecraft:skeleton_skull":1,"minecraft:white_wool":5,"minecraft:cobblestone":199,"minecraft:mossy_cobblestone_slab":1,"minecraft:mud_bricks":14,"minecraft:andesite":4,"minecraft:leather":15,"promenade:fulvous_maple_sapling":17,"minecraft:mud_brick_stairs":3,"minecraft:red_mushroom":3,"minecraft:packed_mud":3,"fishofthieves:grubs":7,"minecraft:oak_log":14,"minecraft:chainmail_chestplate":2,"minecraft:yellow_bed":1,"minecraft:gunpowder":2,"minecraft:cobblestone_stairs":6,"minecraft:paper":3,"minecraft:dirt":18,"naturalist:bass":1,"minecraft:bone":10,"minecraft:apple":2,"minecraft:stone_bricks":5,"minecraft:stonecutter":1,"minecraft:bow":2,"minecraft:wheat_seeds":7,"bewitchment:mandrake_seeds":1,"minecraft:stone_pickaxe":1,"fishofthieves:earthworms":3,"promenade:maple_log":8,"minecraft:mossy_stone_bricks":1,"twigs:twig":4,"travelersbackpack:blank_upgrade":1,"minecraft:iron_sword":1,"minecraft:oak_planks":67,"minecraft:soul_sand":15,"minecraft:dark_oak_stairs":5,"minecraft:book":18,"patchouli:guide_book":1,"minecells:monster_cell":17,"fishofthieves:pondie":4,"minecells:infected_flesh":11,"minecraft:sand":32,"minecraft:orange_candle":2,"minecraft:spruce_door":4,"minecraft:mossy_cobblestone":4,"minecraft:spider_eye":1,"minecraft:leather_helmet":3,"travelersbackpack:standard":4,"minecells:explosive_bulb":3,"minecraft:writable_book":1,"minecraft:granite":2,"minecraft:spruce_sign":1,"minecraft:bread":22,"minecraft:oak_sapling":7,"minecraft:coal":20,"minecraft:ender_pearl":1},"minecraft:mined":{"minecraft:dark_oak_planks":43,"regions_unexplored:spruce_shrub":1,"farmersdelight:half_tatami_mat":1,"minecells:putrid_fence":1,"minecraft:oak_sapling":2,"minecraft:mossy_cobblestone":1,"minecraft:andesite_stairs":4,"minecraft:cobblestone_stairs":4,"minecraft:cyan_stained_glass":1,"minecraft:brewing_stand":1,"minecraft:granite":2,"minecraft:grass_block":10,"minecraft:orange_candle":1,"modern_industrialization:lignite_coal_ore":3,"minecraft:spruce_leaves":1,"minecraft:composter":4,"minecraft:mud_bricks":17,"minecraft:gilded_blackstone":13,"minecraft:spawner":9,"minecraft:light_blue_stained_glass":3,"minecraft:hay_block":52,"minecraft:mossy_cobblestone_slab":1,"minecraft:furnace":4,"minecraft:packed_mud":5,"minecraft:carrots":27,"minecraft:dark_oak_trapdoor":3,"regions_unexplored:mossy_stone":3,"minecraft:andesite":4,"treechop:chopped_log":3,"minecraft:dark_oak_stairs":4,"minecraft:bookshelf":12,"minecraft:vine":1,"minecraft:cobblestone_slab":2,"minecells:wilted_wall_leaves":1,"minecells:putrid_fence_gate":1,"minecraft:stone":176,"minecraft:player_head":1,"minecraft:white_wool":6,"minecraft:spruce_slab":5,"regions_unexplored:felicia_daisy":1,"minecraft:smithing_table":2,"minecraft:soul_sand":16,"minecraft:spruce_door":1,"travelersbackpack:standard":2,"minecraft:crafting_table":4,"minecraft:torch":1,"minecraft:mud_brick_stairs":3,"minecraft:chest":1,"minecraft:lectern":1,"minecraft:tall_grass":1,"minecraft:cobblestone":43,"minecraft:oak_planks":10,"minecraft:sugar_cane":9,"travelersbackpack:diamond":2,"minecraft:chain":1,"minecraft:coarse_dirt":1,"minecraft:wheat":2,"minecraft:yellow_bed":2,"minecraft:smooth_stone_slab":2,"minecraft:grass":20,"minecraft:oak_log":12,"minecraft:coal_ore":20,"minecraft:gravel":1,"minecraft:dirt":26,"minecraft:sand":30,"minecraft:cracked_stone_bricks":1,"minecraft:stonecutter":1,"minecraft:stone_bricks":5,"minecraft:cyan_candle":1,"minecraft:mossy_stone_bricks":3,"minecraft:magenta_wool":3,"minecraft:oak_leaves":3,"minecraft:fern":2,"minecraft:suspicious_gravel":1},"minecraft:used":{"minecraft:writable_book":1,"minecraft:stone_sword":25,"minecraft:armor_stand":2,"minecraft:spruce_slab":2,"mcdw:glaive_glaive":1,"farmersdelight:half_tatami_mat":1,"simplyswords:iron_warglaive":167,"minecraft:shield":40,"minecraft:iron_sword":258,"travelersbackpack:diamond":12,"minecraft:wooden_shovel":9,"minecraft:rotten_flesh":8,"minecraft:iron_chestplate":3,"minecraft:torch":95,"minecraft:dirt":13,"minecraft:chainmail_chestplate":1,"minecraft:mud_brick_stairs":2,"minecraft:dark_oak_planks":13,"minecraft:wooden_axe":6,"minecraft:iron_axe":58,"minecraft:packed_mud":2,"minecraft:iron_boots":1,"minecraft:mud_bricks":6,"minecraft:stone_bricks":4,"minecraft:beef":2,"simplyswords:iron_scythe":196,"minecraft:hay_block":7,"minecraft:furnace":4,"minecraft:oak_sapling":3,"naturalist:bass_bucket":2,"minecraft:potato":5,"minecraft:iron_leggings":1,"minecraft:water_bucket":1,"minecraft:diorite":4,"minecells:putrid_planks":3,"fishofthieves:pondie_bucket":1,"minecraft:stone_pickaxe":201,"minecraft:oak_planks":9,"minecraft:wooden_pickaxe":9,"minecraft:gilded_blackstone":9,"simplyswords:diamond_greataxe":174,"minecraft:mossy_cobblestone":3,"minecraft:sand":1,"minecraft:crafting_table":9,"simplyswords:diamond_claymore":10,"minecraft:apple":3,"minecraft:diamond_shovel":47,"minecraft:bread":54,"minecraft:iron_pickaxe":134,"minecraft:stone_axe":65,"travelersbackpack:standard":24,"minecraft:cobblestone":127,"minecraft:smithing_table":2,"minecraft:bucket":4,"minecraft:bone_meal":45,"fwaystones:waystone":1},"minecraft:crafted":{"minecraft:oak_planks":56,"comforts:sleeping_bag_white":1,"minecraft:furnace":3,"minecraft:diamond_shovel":1,"travelersbackpack:diamond":1,"minecraft:bone_meal":45,"travelersbackpack:blank_upgrade":4,"travelersbackpack:gold_tier_upgrade":1,"minecraft:glass":24,"promenade:maple_planks":32,"minecraft:stone_pickaxe":4,"minecraft:chest":3,"travelersbackpack:diamond_tier_upgrade":1,"minecraft:wheat":72,"minecraft:wooden_shovel":1,"travelersbackpack:iron_tier_upgrade":1,"minecraft:crafting_table":7,"travelersbackpack:backpack_tank":2,"minecraft:wooden_pickaxe":1,"travelersbackpack:standard":2,"minecraft:smithing_table":1,"minecraft:stone_axe":1,"minecraft:air":0,"minecraft:bread":24,"minecraft:stick":48,"minecraft:wooden_axe":1,"minecraft:stone_sword":1,"minecraft:torch":80}},"DataVersion":3465}