{"stats":{"minecraft:dropped":{"minecraft:spruce_sign":1,"minecraft:wheat_seeds":3,"minecraft:mossy_cobblestone":1,"minecraft:ender_pearl":1,"promenade:maple_planks":1,"minecraft:cobblestone":14,"minecraft:leather":2,"minecraft:granite":2,"minecraft:cracked_stone_bricks":1,"minecraft:red_mushroom":3,"minecraft:cobblestone_stairs":2,"minecraft:packed_mud":2,"minecraft:dirt":5,"minecraft:mossy_cobblestone_slab":1,"minecraft:torch":6,"naturalist:bass":1,"minecraft:wooden_axe":1,"minecraft:iron_leggings":2,"minecraft:iron_axe":1,"promenade:fulvous_maple_sapling":17,"minecraft:iron_pickaxe":1,"minecraft:paper":6,"minecraft:dark_oak_planks":13,"minecraft:bucket":1,"fishofthieves:grubs":1,"minecraft:coarse_dirt":1,"minecraft:rotten_flesh":2,"minecraft:oak_planks":6,"minecraft:cobblestone_slab":2,"minecraft:potato":3,"minecraft:mud_bricks":7,"fishofthieves:earthworms":2,"minecraft:andesite":4,"minecraft:yellow_bed":1,"minecraft:mossy_stone_bricks":1,"minecraft:oak_sapling":4,"minecraft:chest":1,"minecraft:spider_eye":1,"minecraft:stone_bricks":1,"modern_industrialization:lignite_coal":3,"minecraft:spruce_slab":2,"minecraft:arrow":3,"minecraft:bow":1,"minecraft:stone_pickaxe":3,"minecraft:wooden_pickaxe":1,"simplyswords:iron_warglaive":1,"minecraft:magenta_wool":2},"minecraft:broken":{"minecraft:leather_helmet":1,"minecraft:iron_leggings":1,"minecraft:stone_pickaxe":1},"minecraft:custom":{"minecraft:interact_with_smithing_table":2,"lootr:looted_stat":126,"minecraft:mob_kills":96,"minecraft:interact_with_crafting_table":16,"minecraft:damage_dealt_resisted":0,"minecraft:eat_cake_slice":2,"minecraft:leave_game":1,"minecraft:time_since_death":20581,"minecraft:climb_one_cm":6040,"minecraft:damage_resisted":0,"minecraft:sprint_one_cm":462417,"minecraft:walk_one_cm":442915,"minecraft:damage_blocked_by_shield":2835,"minecraft:drop":79,"minecraft:talked_to_villager":4,"minecraft:play_time":175786,"minecraft:sneak_time":5405,"minecraft:deaths":12,"minecraft:walk_under_water_one_cm":9509,"minecraft:jump":1648,"minecraft:walk_on_water_one_cm":44221,"minecraft:total_world_time":175786,"minecraft:sleep_in_bed":3,"minecraft:hex":0,"minecraft:time_since_rest":1611,"minecraft:damage_taken":6788,"minecraft:damage_dealt":16768,"minecraft:swim_one_cm":33815,"minecraft:fly_one_cm":284806,"minecraft:open_chest":5,"minecraft:crouch_one_cm":5397,"minecraft:interact_with_smoker":2,"minecraft:fall_one_cm":49407},"minecraft:killed":{"minecraft:spider":1,"minecells:undead_archer":8,"fishofthieves:pondie":1,"minecraft:skeleton":3,"naturalist:bass":1,"minecells:leaping_zombie":21,"minecells:grenadier":3,"minecraft:zombie_villager":1,"minecraft:zombie":41,"minecells:shieldbearer":6,"minecraft:enderman":2,"minecraft:cow":8},"minecraft:killed_by":{"minecraft:player":1,"minecells:leaping_zombie":2,"minecraft:vindicator":1,"mythicmobs:chupacabra":3,"minecraft:skeleton":2,"minecraft:zombie":3},"minecraft:picked_up":{"minecraft:crafting_table":1,"minecells:putrid_sapling":1,"modern_industrialization:lignite_coal":3,"minecraft:coarse_dirt":1,"minecraft:smithing_table":1,"minecraft:chain":1,"minecraft:smooth_stone_slab":2,"minecraft:iron_leggings":1,"minecraft:magenta_wool":4,"minecraft:cracked_stone_bricks":1,"minecraft:bucket":1,"minecraft:beef":20,"minecraft:cobblestone_slab":4,"minecraft:player_head":1,"minecraft:spruce_slab":4,"minecraft:sugar_cane":16,"minecells:guts":6,"minecraft:torch":5,"minecells:monsters_eye":3,"minecells:putrid_fence":1,"minecells:putrid_fence_gate":1,"minecraft:dark_oak_planks":44,"minecraft:arrow":10,"minecraft:rotten_flesh":67,"minecraft:hay_block":49,"minecraft:white_wool":5,"minecraft:cobblestone":164,"minecraft:mossy_cobblestone_slab":1,"minecraft:mud_bricks":7,"minecraft:andesite":4,"minecraft:leather":9,"promenade:fulvous_maple_sapling":17,"minecraft:red_mushroom":3,"minecraft:packed_mud":1,"fishofthieves:grubs":1,"minecraft:oak_log":5,"minecraft:yellow_bed":1,"minecraft:gunpowder":2,"minecraft:cobblestone_stairs":4,"minecraft:paper":3,"minecraft:dirt":16,"naturalist:bass":1,"minecraft:bone":3,"minecraft:apple":2,"minecraft:stone_bricks":1,"minecraft:bow":2,"minecraft:wheat_seeds":3,"minecraft:stone_pickaxe":1,"fishofthieves:earthworms":2,"promenade:maple_log":8,"minecraft:mossy_stone_bricks":1,"twigs:twig":4,"travelersbackpack:blank_upgrade":1,"minecraft:iron_sword":1,"minecraft:oak_planks":7,"minecraft:soul_sand":15,"minecraft:dark_oak_stairs":2,"minecraft:book":18,"minecells:monster_cell":17,"fishofthieves:pondie":4,"minecells:infected_flesh":11,"minecraft:sand":1,"minecraft:orange_candle":2,"minecraft:mossy_cobblestone":4,"minecraft:spider_eye":1,"minecraft:leather_helmet":1,"travelersbackpack:standard":2,"minecells:explosive_bulb":3,"minecraft:granite":2,"minecraft:spruce_sign":1,"minecraft:bread":4,"minecraft:oak_sapling":7,"minecraft:coal":20,"minecraft:ender_pearl":1},"minecraft:mined":{"minecraft:dark_oak_planks":43,"regions_unexplored:spruce_shrub":1,"minecells:putrid_fence":1,"minecraft:oak_sapling":2,"minecraft:mossy_cobblestone":1,"minecraft:cobblestone_stairs":2,"minecraft:cyan_stained_glass":1,"minecraft:granite":2,"minecraft:grass_block":7,"minecraft:orange_candle":1,"modern_industrialization:lignite_coal_ore":3,"minecraft:spruce_leaves":1,"minecraft:mud_bricks":10,"minecraft:spawner":9,"minecraft:light_blue_stained_glass":3,"minecraft:hay_block":49,"minecraft:mossy_cobblestone_slab":1,"minecraft:packed_mud":3,"regions_unexplored:mossy_stone":3,"minecraft:andesite":4,"treechop:chopped_log":3,"minecraft:dark_oak_stairs":2,"minecraft:bookshelf":6,"minecraft:vine":1,"minecraft:cobblestone_slab":2,"minecells:wilted_wall_leaves":1,"minecells:putrid_fence_gate":1,"minecraft:stone":143,"minecraft:player_head":1,"minecraft:white_wool":6,"minecraft:spruce_slab":5,"regions_unexplored:felicia_daisy":1,"minecraft:smithing_table":1,"minecraft:soul_sand":16,"minecraft:crafting_table":1,"minecraft:torch":1,"minecraft:chest":1,"minecraft:cobblestone":41,"minecraft:oak_planks":10,"minecraft:sugar_cane":9,"minecraft:chain":1,"minecraft:coarse_dirt":1,"minecraft:yellow_bed":2,"minecraft:smooth_stone_slab":2,"minecraft:grass":4,"minecraft:oak_log":3,"minecraft:coal_ore":20,"minecraft:gravel":1,"minecraft:dirt":11,"minecraft:sand":1,"minecraft:cracked_stone_bricks":1,"minecraft:stone_bricks":1,"minecraft:mossy_stone_bricks":1,"minecraft:magenta_wool":3,"minecraft:oak_leaves":3,"minecraft:fern":1,"minecraft:suspicious_gravel":1},"minecraft:used":{"minecraft:stone_sword":25,"minecraft:spruce_slab":2,"simplyswords:iron_warglaive":167,"minecraft:shield":40,"minecraft:iron_sword":224,"minecraft:wooden_shovel":9,"minecraft:rotten_flesh":8,"minecraft:iron_chestplate":1,"minecraft:torch":95,"minecraft:dirt":11,"minecraft:wooden_axe":6,"minecraft:iron_axe":20,"minecraft:packed_mud":1,"minecraft:beef":2,"simplyswords:iron_scythe":13,"minecraft:hay_block":7,"minecraft:oak_sapling":3,"naturalist:bass_bucket":2,"minecraft:potato":5,"fishofthieves:pondie_bucket":1,"minecraft:stone_pickaxe":201,"minecraft:oak_planks":9,"minecraft:wooden_pickaxe":9,"simplyswords:diamond_greataxe":155,"minecraft:mossy_cobblestone":3,"minecraft:crafting_table":6,"minecraft:apple":3,"minecraft:bread":49,"minecraft:iron_pickaxe":52,"minecraft:stone_axe":65,"travelersbackpack:standard":11,"minecraft:cobblestone":118,"minecraft:smithing_table":1,"minecraft:bucket":2,"minecraft:bone_meal":45},"minecraft:crafted":{"minecraft:oak_planks":20,"comforts:sleeping_bag_white":1,"minecraft:bone_meal":45,"promenade:maple_planks":32,"minecraft:stone_pickaxe":4,"minecraft:chest":2,"minecraft:wheat":72,"minecraft:wooden_shovel":1,"travelersbackpack:iron_tier_upgrade":1,"minecraft:crafting_table":5,"minecraft:wooden_pickaxe":1,"travelersbackpack:standard":2,"minecraft:smithing_table":1,"minecraft:stone_axe":1,"minecraft:bread":24,"minecraft:stick":44,"minecraft:wooden_axe":1,"minecraft:stone_sword":1,"minecraft:torch":80}},"DataVersion":3465}