{"stats":{"minecraft:broken":{"minecraft:stone_pickaxe":1},"minecraft:dropped":{"minecraft:spruce_sign":1,"minecraft:mossy_cobblestone":1,"promenade:maple_planks":1,"minecraft:leather":2,"minecraft:red_mushroom":3,"minecraft:cobblestone_stairs":2,"minecraft:dirt":3,"minecraft:packed_mud":2,"minecraft:mossy_cobblestone_slab":1,"minecraft:wooden_axe":1,"promenade:fulvous_maple_sapling":17,"fishofthieves:grubs":1,"minecraft:coarse_dirt":1,"minecraft:rotten_flesh":2,"minecraft:cobblestone_slab":2,"minecraft:mud_bricks":7,"fishofthieves:earthworms":2,"minecraft:oak_sapling":4,"minecraft:spider_eye":1,"minecraft:spruce_slab":2,"minecraft:wooden_pickaxe":1,"minecraft:stone_pickaxe":3},"minecraft:custom":{"lootr:looted_stat":48,"minecraft:mob_kills":51,"minecraft:interact_with_crafting_table":9,"minecraft:damage_dealt_resisted":0,"minecraft:eat_cake_slice":2,"minecraft:time_since_death":21564,"minecraft:damage_resisted":0,"minecraft:sprint_one_cm":241532,"minecraft:walk_one_cm":240315,"minecraft:damage_blocked_by_shield":315,"minecraft:drop":38,"minecraft:talked_to_villager":2,"minecraft:play_time":100197,"minecraft:deaths":10,"minecraft:sneak_time":4734,"minecraft:walk_under_water_one_cm":7911,"minecraft:jump":966,"minecraft:walk_on_water_one_cm":37363,"minecraft:total_world_time":100197,"minecraft:hex":0,"minecraft:time_since_rest":21598,"minecraft:damage_taken":5059,"minecraft:damage_dealt":8510,"minecraft:fly_one_cm":117994,"minecraft:swim_one_cm":11642,"minecraft:open_chest":5,"minecraft:crouch_one_cm":4475,"minecraft:fall_one_cm":27943},"minecraft:killed":{"minecraft:spider":1,"fishofthieves:pondie":1,"minecraft:skeleton":3,"naturalist:bass":1,"minecraft:zombie_villager":1,"minecraft:zombie":41,"minecraft:enderman":2,"minecraft:cow":1},"minecraft:killed_by":{"minecraft:player":1,"minecraft:vindicator":1,"mythicmobs:chupacabra":3,"minecraft:skeleton":2,"minecraft:zombie":3},"minecraft:picked_up":{"minecraft:coarse_dirt":1,"minecraft:crafting_table":1,"minecraft:chain":1,"minecraft:smooth_stone_slab":2,"minecraft:beef":2,"minecraft:cobblestone_slab":4,"minecraft:player_head":1,"minecraft:spruce_slab":4,"minecraft:sugar_cane":6,"minecraft:torch":2,"minecraft:dark_oak_planks":31,"minecraft:arrow":2,"minecraft:rotten_flesh":56,"minecraft:hay_block":15,"minecraft:cobblestone":150,"minecraft:mossy_cobblestone_slab":1,"minecraft:mud_bricks":7,"minecraft:leather":4,"promenade:fulvous_maple_sapling":17,"minecraft:red_mushroom":3,"minecraft:packed_mud":1,"fishofthieves:grubs":1,"minecraft:oak_log":5,"minecraft:cobblestone_stairs":4,"minecraft:dirt":15,"naturalist:bass":1,"minecraft:bone":3,"minecraft:apple":2,"minecraft:stone_pickaxe":1,"fishofthieves:earthworms":2,"promenade:maple_log":8,"twigs:twig":4,"minecraft:iron_sword":1,"minecraft:soul_sand":15,"minecraft:dark_oak_stairs":2,"minecraft:book":6,"fishofthieves:pondie":4,"minecraft:sand":1,"minecraft:orange_candle":2,"minecraft:spider_eye":1,"minecraft:mossy_cobblestone":1,"minecraft:leather_helmet":1,"minecraft:spruce_sign":1,"minecraft:bread":4,"minecraft:oak_sapling":7,"minecraft:coal":20,"minecraft:ender_pearl":1},"minecraft:mined":{"minecraft:dark_oak_planks":43,"minecraft:oak_sapling":2,"minecraft:mossy_cobblestone":1,"minecraft:cobblestone_stairs":2,"minecraft:cyan_stained_glass":1,"minecraft:grass_block":4,"minecraft:orange_candle":1,"minecraft:spruce_leaves":1,"minecraft:mud_bricks":10,"minecraft:spawner":9,"minecraft:light_blue_stained_glass":3,"minecraft:hay_block":15,"minecraft:mossy_cobblestone_slab":1,"minecraft:packed_mud":3,"treechop:chopped_log":3,"minecraft:dark_oak_stairs":2,"minecraft:bookshelf":2,"minecraft:cobblestone_slab":2,"minecraft:stone":129,"minecraft:player_head":1,"minecraft:spruce_slab":5,"minecraft:soul_sand":16,"minecraft:crafting_table":1,"minecraft:torch":1,"minecraft:chest":1,"minecraft:cobblestone":40,"minecraft:sugar_cane":3,"minecraft:chain":1,"minecraft:coarse_dirt":1,"minecraft:smooth_stone_slab":2,"minecraft:grass":2,"minecraft:oak_log":3,"minecraft:coal_ore":20,"minecraft:gravel":1,"minecraft:sand":1,"minecraft:dirt":11,"minecraft:oak_leaves":3,"minecraft:fern":1,"minecraft:suspicious_gravel":1},"minecraft:used":{"minecraft:stone_sword":25,"minecraft:spruce_slab":2,"simplyswords:iron_warglaive":167,"minecraft:shield":7,"minecraft:iron_sword":13,"minecraft:wooden_shovel":9,"minecraft:rotten_flesh":8,"minecraft:iron_chestplate":1,"minecraft:torch":95,"minecraft:dirt":11,"minecraft:wooden_axe":6,"minecraft:iron_axe":1,"minecraft:packed_mud":1,"minecraft:beef":2,"minecraft:hay_block":7,"minecraft:oak_sapling":3,"naturalist:bass_bucket":2,"minecraft:potato":4,"fishofthieves:pondie_bucket":1,"minecraft:stone_pickaxe":201,"minecraft:oak_planks":8,"minecraft:wooden_pickaxe":9,"simplyswords:diamond_greataxe":112,"minecraft:crafting_table":5,"minecraft:apple":3,"minecraft:bread":24,"minecraft:iron_pickaxe":20,"minecraft:stone_axe":65,"minecraft:cobblestone":118,"minecraft:bucket":2,"minecraft:bone_meal":45},"minecraft:crafted":{"minecraft:oak_planks":20,"minecraft:bone_meal":45,"promenade:maple_planks":32,"minecraft:stone_pickaxe":4,"minecraft:wheat":63,"minecraft:wooden_shovel":1,"minecraft:crafting_table":5,"minecraft:wooden_pickaxe":1,"minecraft:stone_axe":1,"minecraft:bread":21,"minecraft:stick":44,"minecraft:wooden_axe":1,"minecraft:stone_sword":1,"minecraft:torch":80}},"DataVersion":3465}