{"stats":{"minecraft:dropped":{"minecraft:spruce_sign":1,"minecraft:wooden_axe":1,"minecraft:spider_eye":1,"minecraft:wooden_pickaxe":1,"promenade:fulvous_maple_sapling":3,"minecraft:red_mushroom":3},"minecraft:custom":{"minecraft:time_since_rest":4405,"minecraft:sprint_one_cm":52241,"minecraft:damage_taken":1345,"minecraft:walk_one_cm":28082,"minecraft:mob_kills":2,"minecraft:drop":10,"minecraft:damage_dealt":460,"minecraft:interact_with_crafting_table":6,"minecraft:fly_one_cm":36478,"minecraft:crouch_one_cm":91,"minecraft:play_time":16197,"minecraft:deaths":4,"minecraft:sneak_time":11,"minecraft:jump":248,"minecraft:time_since_death":4365,"minecraft:total_world_time":16197,"minecraft:hex":0,"minecraft:fall_one_cm":4244},"minecraft:killed":{"minecraft:zombie":1,"minecraft:spider":1},"minecraft:killed_by":{"minecraft:vindicator":1,"minecraft:player":1,"mythicmobs:chupacabra":1,"minecraft:zombie":1},"minecraft:picked_up":{"promenade:fulvous_maple_sapling":17,"minecraft:red_mushroom":3,"minecraft:spider_eye":1,"minecraft:dirt":9,"minecraft:rotten_flesh":1,"minecraft:apple":1,"minecraft:hay_block":6,"fishofthieves:earthworms":1,"promenade:maple_log":8,"minecraft:spruce_sign":1,"minecraft:oak_sapling":2,"twigs:twig":4,"minecraft:coal":20,"minecraft:cobblestone":38},"minecraft:mined":{"minecraft:hay_block":6,"treechop:chopped_log":2,"minecraft:grass":1,"minecraft:grass_block":2,"minecraft:coal_ore":20,"minecraft:dirt":7,"minecraft:stone":49},"minecraft:used":{"minecraft:wooden_axe":6,"minecraft:stone_sword":8,"minecraft:stone_pickaxe":60,"minecraft:wooden_pickaxe":9,"minecraft:wooden_shovel":9,"minecraft:torch":3,"minecraft:hay_block":5,"minecraft:crafting_table":2},"minecraft:crafted":{"minecraft:wooden_shovel":1,"minecraft:crafting_table":2,"minecraft:stick":40,"promenade:maple_planks":32,"minecraft:wooden_pickaxe":1,"minecraft:stone_pickaxe":2,"minecraft:wooden_axe":1,"minecraft:stone_sword":1,"minecraft:torch":80,"minecraft:stone_axe":1}},"DataVersion":3465}