{"stats":{"minecraft:dropped":{"minecraft:spruce_sign":1,"minecraft:coarse_dirt":1,"minecraft:mossy_cobblestone":1,"promenade:maple_planks":1,"minecraft:rotten_flesh":2,"minecraft:leather":2,"minecraft:red_mushroom":3,"minecraft:cobblestone_stairs":2,"minecraft:packed_mud":2,"minecraft:dirt":3,"minecraft:cobblestone_slab":2,"minecraft:mud_bricks":7,"minecraft:mossy_cobblestone_slab":1,"fishofthieves:earthworms":2,"minecraft:wooden_axe":1,"minecraft:oak_sapling":4,"minecraft:spider_eye":1,"minecraft:spruce_slab":2,"minecraft:stone_pickaxe":2,"minecraft:wooden_pickaxe":1,"promenade:fulvous_maple_sapling":17},"minecraft:broken":{"minecraft:stone_pickaxe":1},"minecraft:custom":{"lootr:looted_stat":48,"minecraft:mob_kills":45,"minecraft:interact_with_crafting_table":9,"minecraft:damage_dealt_resisted":0,"minecraft:eat_cake_slice":2,"minecraft:time_since_death":9564,"minecraft:damage_resisted":0,"minecraft:hex":0,"minecraft:time_since_rest":9598,"minecraft:sprint_one_cm":222664,"minecraft:damage_taken":4860,"minecraft:walk_one_cm":199306,"minecraft:damage_blocked_by_shield":315,"minecraft:drop":36,"minecraft:damage_dealt":7306,"minecraft:swim_one_cm":3124,"minecraft:talked_to_villager":2,"minecraft:fly_one_cm":113514,"minecraft:open_chest":5,"minecraft:crouch_one_cm":4239,"minecraft:play_time":88197,"minecraft:deaths":10,"minecraft:sneak_time":4586,"minecraft:walk_under_water_one_cm":2718,"minecraft:jump":888,"minecraft:walk_on_water_one_cm":29500,"minecraft:total_world_time":88197,"minecraft:fall_one_cm":27075},"minecraft:killed":{"minecraft:zombie_villager":1,"minecraft:spider":1,"minecraft:skeleton":3,"minecraft:zombie":38,"minecraft:cow":1,"minecraft:enderman":1},"minecraft:killed_by":{"minecraft:vindicator":1,"minecraft:player":1,"mythicmobs:chupacabra":3,"minecraft:skeleton":2,"minecraft:zombie":3},"minecraft:picked_up":{"minecraft:crafting_table":1,"minecraft:coarse_dirt":1,"minecraft:mossy_cobblestone_slab":1,"minecraft:mud_bricks":7,"minecraft:leather":4,"promenade:fulvous_maple_sapling":17,"minecraft:red_mushroom":3,"minecraft:packed_mud":1,"minecraft:chain":1,"minecraft:oak_log":5,"minecraft:cobblestone_stairs":4,"minecraft:dirt":14,"minecraft:smooth_stone_slab":2,"minecraft:bone":3,"minecraft:apple":2,"minecraft:beef":2,"minecraft:cobblestone_slab":4,"minecraft:player_head":1,"fishofthieves:earthworms":2,"promenade:maple_log":8,"minecraft:spruce_slab":4,"twigs:twig":4,"minecraft:sugar_cane":6,"minecraft:iron_sword":1,"minecraft:dark_oak_stairs":2,"minecraft:book":6,"minecraft:torch":2,"minecraft:leather_helmet":1,"minecraft:orange_candle":2,"minecraft:mossy_cobblestone":1,"minecraft:spider_eye":1,"minecraft:dark_oak_planks":31,"minecraft:arrow":2,"minecraft:rotten_flesh":54,"minecraft:hay_block":15,"minecraft:spruce_sign":1,"minecraft:bread":4,"minecraft:oak_sapling":7,"minecraft:coal":20,"minecraft:cobblestone":150},"minecraft:mined":{"minecraft:dark_oak_planks":43,"minecraft:oak_sapling":2,"minecraft:mossy_cobblestone":1,"minecraft:cobblestone_stairs":2,"minecraft:cyan_stained_glass":1,"minecraft:crafting_table":1,"minecraft:torch":1,"minecraft:grass_block":3,"minecraft:chest":1,"minecraft:orange_candle":1,"minecraft:spruce_leaves":1,"minecraft:cobblestone":40,"minecraft:sugar_cane":3,"minecraft:mud_bricks":10,"minecraft:spawner":7,"minecraft:light_blue_stained_glass":3,"minecraft:hay_block":15,"minecraft:chain":1,"minecraft:coarse_dirt":1,"minecraft:mossy_cobblestone_slab":1,"minecraft:packed_mud":3,"treechop:chopped_log":3,"minecraft:smooth_stone_slab":2,"minecraft:dark_oak_stairs":2,"minecraft:grass":2,"minecraft:bookshelf":2,"minecraft:coal_ore":20,"minecraft:oak_log":3,"minecraft:cobblestone_slab":2,"minecraft:gravel":1,"minecraft:dirt":11,"minecraft:stone":129,"minecraft:player_head":1,"minecraft:spruce_slab":5,"minecraft:oak_leaves":3,"minecraft:suspicious_gravel":1},"minecraft:used":{"minecraft:stone_sword":25,"minecraft:spruce_slab":2,"minecraft:stone_pickaxe":201,"simplyswords:iron_warglaive":146,"minecraft:wooden_pickaxe":9,"minecraft:shield":7,"minecraft:wooden_shovel":9,"minecraft:rotten_flesh":8,"minecraft:iron_chestplate":1,"minecraft:torch":89,"simplyswords:diamond_greataxe":104,"minecraft:dirt":11,"minecraft:crafting_table":5,"minecraft:wooden_axe":6,"minecraft:apple":3,"minecraft:iron_axe":1,"minecraft:bread":20,"minecraft:iron_pickaxe":18,"minecraft:packed_mud":1,"minecraft:stone_axe":65,"minecraft:cobblestone":118,"minecraft:beef":2,"minecraft:hay_block":7,"minecraft:oak_sapling":3,"minecraft:potato":4,"minecraft:bone_meal":45},"minecraft:crafted":{"minecraft:oak_planks":20,"minecraft:wooden_shovel":1,"minecraft:crafting_table":5,"minecraft:wooden_pickaxe":1,"minecraft:bone_meal":45,"minecraft:stone_axe":1,"minecraft:bread":21,"minecraft:stick":44,"promenade:maple_planks":32,"minecraft:stone_pickaxe":4,"minecraft:wooden_axe":1,"minecraft:stone_sword":1,"minecraft:torch":80,"minecraft:wheat":63}},"DataVersion":3465}