{"stats":{"minecraft:dropped":{"minecraft:oak_sapling":2,"minecraft:apple":1},"minecraft:custom":{"minecraft:time_since_rest":1430,"lootr:looted_stat":5,"minecraft:sprint_one_cm":105321,"minecraft:damage_taken":3475,"minecraft:walk_one_cm":50391,"minecraft:damage_blocked_by_shield":1583,"minecraft:mob_kills":6,"minecraft:drop":2,"minecraft:damage_dealt":2515,"minecraft:swim_one_cm":1304,"minecraft:talked_to_villager":64,"minecraft:interact_with_crafting_table":5,"minecraft:fly_one_cm":26618,"minecraft:player_kills":1,"minecraft:crouch_one_cm":274,"minecraft:play_time":28603,"minecraft:deaths":9,"minecraft:sneak_time":172,"minecraft:walk_under_water_one_cm":836,"minecraft:jump":286,"minecraft:walk_on_water_one_cm":24861,"minecraft:time_since_death":1362,"minecraft:total_world_time":28603,"minecraft:climb_one_cm":280,"minecraft:hex":0,"minecraft:fall_one_cm":8948},"minecraft:killed_by":{"minecraft:vindicator":4,"minecraft:skeleton":1,"minecraft:spider":1,"minecraft:zombie":1,"minecraft:pillager":1},"minecraft:killed":{"minecraft:skeleton":3,"minecraft:pillager":3,"minecraft:player":1},"minecraft:picked_up":{"minecraft:wooden_axe":1,"minecraft:mud_bricks":4,"minecraft:brown_mushroom":1,"promenade:fulvous_maple_sapling":2,"minecraft:wooden_pickaxe":1,"minecraft:red_mushroom":3,"minecraft:packed_mud":2,"minecraft:oak_log":6,"minecraft:dirt":1,"minecraft:dark_oak_trapdoor":1,"minecraft:arrow":8,"minecraft:hay_block":3,"minecraft:polished_basalt":1,"fishofthieves:earthworms":1,"promenade:maple_log":2,"minecraft:spruce_sign":1,"minecraft:emerald":2,"minecraft:oak_sapling":2,"minecraft:coal":3,"minecraft:cobblestone":72},"minecraft:mined":{"minecraft:hay_block":3,"minecraft:dark_oak_trapdoor":1,"minecraft:soul_fire":9,"treechop:chopped_log":1,"minecraft:grass_block":1,"minecraft:coal_ore":1,"minecraft:dirt":1,"minecraft:tall_grass":1,"minecraft:stone":59},"minecraft:used":{"minecraft:stone_sword":118,"minecraft:apple":2,"minecraft:bread":5,"minecraft:stone_pickaxe":51,"minecraft:wooden_pickaxe":12,"minecraft:shield":23,"minecraft:crafting_table":1,"minecraft:crossbow":1},"minecraft:crafted":{"minecraft:oak_planks":20,"minecraft:crafting_table":1,"minecraft:stick":4,"minecraft:stone_pickaxe":1,"minecraft:wooden_pickaxe":1,"minecraft:chest":1,"minecraft:oak_wood":3}},"DataVersion":3465}