{"stats":{"minecraft:dropped":{"minecraft:bread":4,"minecraft:iron_nugget":2,"minecraft:player_head":2,"minecraft:glass_bottle":3,"minecraft:rotten_flesh":1,"minecraft:apple":1,"minecraft:name_tag":1,"minecraft:coal":1,"minecraft:dirt":1,"minecraft:mud_bricks":4,"minecraft:dark_oak_trapdoor":1,"minecraft:wooden_axe":1,"minecraft:oak_sapling":2,"minecraft:wooden_pickaxe":2,"minecraft:glistering_melon_slice":2},"minecraft:broken":{"minecraft:stone_pickaxe":1,"simplyswords:iron_halberd":1,"minecraft:stone_sword":1},"minecraft:custom":{"lootr:looted_stat":33,"minecraft:mob_kills":58,"minecraft:interact_with_crafting_table":8,"minecraft:damage_dealt_resisted":0,"minecraft:time_since_death":2073,"minecraft:damage_resisted":0,"minecraft:climb_one_cm":280,"minecraft:hex":0,"minecraft:time_since_rest":2103,"minecraft:sprint_one_cm":207848,"minecraft:damage_taken":5544,"minecraft:walk_one_cm":134456,"minecraft:damage_blocked_by_shield":2401,"minecraft:drop":27,"minecraft:damage_dealt":10754,"minecraft:swim_one_cm":7484,"minecraft:talked_to_villager":65,"minecraft:fly_one_cm":68348,"minecraft:player_kills":1,"minecraft:open_chest":3,"minecraft:crouch_one_cm":1918,"minecraft:play_time":76603,"minecraft:deaths":13,"minecraft:sneak_time":1192,"minecraft:walk_under_water_one_cm":5683,"minecraft:jump":704,"minecraft:walk_on_water_one_cm":96621,"minecraft:total_world_time":76603,"minecraft:fall_one_cm":26900},"minecraft:killed":{"minecraft:zombie_villager":1,"minecraft:horse":3,"minecraft:skeleton":3,"minecraft:pillager":3,"minecraft:zombie":45,"mythicmobs:chupacabra":1,"minecraft:drowned":2,"minecraft:player":1},"minecraft:killed_by":{"minecraft:vindicator":4,"minecraft:skeleton":2,"minecraft:spider":1,"minecraft:zombie":4,"minecraft:pillager":1},"minecraft:picked_up":{"minecraft:wooden_axe":1,"minecraft:mud_bricks":6,"minecraft:leather":4,"promenade:fulvous_maple_sapling":2,"minecraft:brown_mushroom":1,"minecraft:wooden_pickaxe":1,"minecraft:red_mushroom":6,"minecraft:packed_mud":2,"minecraft:oak_log":6,"minecraft:brewing_stand":1,"minecraft:dirt":2,"minecraft:dark_oak_trapdoor":2,"minecraft:bone":2,"bosses_of_mass_destruction:soul_star":1,"minecraft:iron_ingot":1,"promenade:maple_log":2,"fishofthieves:earthworms":1,"minecraft:player_head":2,"minecraft:iron_nugget":2,"twigs:twig":2,"minecraft:chest":1,"minecraft:iron_sword":1,"minecraft:golden_helmet":1,"minecraft:carrot":1,"minecraft:dark_oak_planks":4,"minecraft:arrow":8,"minecraft:rotten_flesh":26,"minecraft:polished_basalt":1,"minecraft:hay_block":3,"minecraft:spruce_sign":1,"minecraft:emerald":2,"minecraft:oak_sapling":3,"minecraft:coal":4,"minecraft:skeleton_skull":2,"minecraft:cobblestone":79,"minecraft:cracked_deepslate_tiles":1},"minecraft:mined":{"minecraft:mossy_cobblestone":1,"minecraft:deepslate_tile_slab":1,"minecraft:soul_fire":9,"minecraft:brewing_stand":1,"minecraft:grass_block":2,"minecraft:cobblestone":2,"minecraft:tall_grass":1,"minecraft:mud_bricks":3,"minecraft:spawner":2,"minecraft:hay_block":3,"minecraft:dark_oak_trapdoor":1,"treechop:chopped_log":1,"minecraft:cracked_deepslate_tiles":1,"minecraft:coal_ore":2,"regions_unexplored:apple_oak_leaves":24,"minecraft:dirt":1,"minecraft:stone":61,"minecraft:player_head":2,"minecraft:cake":1,"minecraft:oak_leaves":8},"minecraft:used":{"minecraft:stone_sword":131,"minecraft:stone_pickaxe":94,"minecraft:shield":32,"minecraft:chest":2,"minecraft:wooden_pickaxe":12,"minecraft:iron_sword":2,"minecraft:rotten_flesh":1,"minecraft:crafting_table":2,"simplyswords:diamond_sai":4,"minecraft:carrot":4,"simplyswords:iron_halberd":250,"minecraft:crossbow":14,"simplyswords:gold_scythe":27,"minecraft:apple":2,"minecraft:bread":19,"minecraft:iron_pickaxe":11,"minecraft:cobblestone":8},"minecraft:crafted":{"minecraft:oak_planks":20,"minecraft:crafting_table":2,"minecraft:wooden_pickaxe":1,"minecraft:iron_sword":2,"minecraft:oak_wood":3,"minecraft:bread":11,"minecraft:stick":8,"minecraft:iron_pickaxe":2,"minecraft:stone_pickaxe":1,"minecraft:chest":1,"minecraft:wheat":27}},"DataVersion":3465}