{"stats":{"minecraft:dropped":{"minecraft:iron_nugget":2,"minecraft:player_head":2,"minecraft:glass_bottle":3,"minecraft:rotten_flesh":1,"minecraft:apple":1,"minecraft:name_tag":1,"minecraft:coal":1,"minecraft:mud_bricks":4,"minecraft:dark_oak_trapdoor":1,"minecraft:wooden_axe":1,"minecraft:oak_sapling":2,"minecraft:wooden_pickaxe":2,"minecraft:glistering_melon_slice":2},"minecraft:broken":{"minecraft:stone_pickaxe":1,"minecraft:stone_sword":1},"minecraft:custom":{"lootr:looted_stat":27,"minecraft:mob_kills":21,"minecraft:interact_with_crafting_table":8,"minecraft:damage_dealt_resisted":0,"minecraft:time_since_death":9095,"minecraft:climb_one_cm":280,"minecraft:hex":0,"minecraft:time_since_rest":9140,"minecraft:sprint_one_cm":134319,"minecraft:damage_taken":4853,"minecraft:walk_one_cm":70546,"minecraft:damage_blocked_by_shield":1703,"minecraft:drop":22,"minecraft:damage_dealt":3386,"minecraft:swim_one_cm":5388,"minecraft:talked_to_villager":65,"minecraft:fly_one_cm":37105,"minecraft:player_kills":1,"minecraft:crouch_one_cm":1403,"minecraft:play_time":52603,"minecraft:deaths":12,"minecraft:sneak_time":810,"minecraft:walk_under_water_one_cm":4084,"minecraft:jump":408,"minecraft:walk_on_water_one_cm":82868,"minecraft:total_world_time":52603,"minecraft:fall_one_cm":15769},"minecraft:killed":{"minecraft:zombie_villager":1,"minecraft:skeleton":3,"minecraft:pillager":3,"minecraft:zombie":12,"mythicmobs:chupacabra":1,"minecraft:drowned":1,"minecraft:player":1},"minecraft:killed_by":{"minecraft:vindicator":4,"minecraft:skeleton":2,"minecraft:spider":1,"minecraft:zombie":3,"minecraft:pillager":1},"minecraft:picked_up":{"minecraft:wooden_axe":1,"minecraft:mud_bricks":4,"promenade:fulvous_maple_sapling":2,"minecraft:brown_mushroom":1,"minecraft:wooden_pickaxe":1,"minecraft:red_mushroom":6,"minecraft:packed_mud":2,"minecraft:oak_log":6,"minecraft:brewing_stand":1,"minecraft:dirt":1,"minecraft:dark_oak_trapdoor":2,"minecraft:bone":2,"minecraft:iron_ingot":1,"promenade:maple_log":2,"fishofthieves:earthworms":1,"minecraft:player_head":2,"minecraft:iron_nugget":2,"minecraft:golden_helmet":1,"minecraft:carrot":1,"minecraft:dark_oak_planks":4,"minecraft:arrow":8,"minecraft:rotten_flesh":14,"minecraft:polished_basalt":1,"minecraft:hay_block":3,"minecraft:spruce_sign":1,"minecraft:emerald":2,"minecraft:oak_sapling":2,"minecraft:coal":4,"minecraft:skeleton_skull":2,"minecraft:cobblestone":74},"minecraft:mined":{"minecraft:soul_fire":9,"minecraft:brewing_stand":1,"minecraft:grass_block":1,"minecraft:tall_grass":1,"minecraft:spawner":2,"minecraft:hay_block":3,"minecraft:dark_oak_trapdoor":1,"treechop:chopped_log":1,"minecraft:coal_ore":2,"minecraft:dirt":1,"minecraft:stone":59,"minecraft:player_head":2,"minecraft:cake":1},"minecraft:used":{"minecraft:stone_sword":131,"minecraft:stone_pickaxe":94,"minecraft:shield":24,"minecraft:chest":1,"minecraft:wooden_pickaxe":12,"minecraft:iron_sword":2,"minecraft:crafting_table":2,"minecraft:carrot":1,"simplyswords:iron_halberd":17,"minecraft:crossbow":14,"minecraft:apple":2,"minecraft:bread":12,"minecraft:cobblestone":3},"minecraft:crafted":{"minecraft:oak_planks":20,"minecraft:crafting_table":2,"minecraft:wooden_pickaxe":1,"minecraft:iron_sword":2,"minecraft:oak_wood":3,"minecraft:bread":11,"minecraft:stick":8,"minecraft:iron_pickaxe":2,"minecraft:stone_pickaxe":1,"minecraft:chest":1,"minecraft:wheat":27}},"DataVersion":3465}