{"stats":{"minecraft:dropped":{"minecraft:oak_sapling":2,"minecraft:apple":1},"minecraft:custom":{"minecraft:time_since_rest":4324,"lootr:looted_stat":1,"minecraft:sprint_one_cm":76715,"minecraft:damage_taken":2735,"minecraft:walk_one_cm":39596,"minecraft:damage_blocked_by_shield":1189,"minecraft:mob_kills":3,"minecraft:drop":2,"minecraft:damage_dealt":1326,"minecraft:talked_to_villager":64,"minecraft:interact_with_crafting_table":5,"minecraft:fly_one_cm":18794,"minecraft:player_kills":1,"minecraft:crouch_one_cm":130,"minecraft:play_time":16603,"minecraft:deaths":7,"minecraft:sneak_time":92,"minecraft:jump":219,"minecraft:time_since_death":4017,"minecraft:total_world_time":16603,"minecraft:climb_one_cm":280,"minecraft:hex":0,"minecraft:fall_one_cm":5927},"minecraft:killed":{"minecraft:pillager":3,"minecraft:player":1},"minecraft:killed_by":{"minecraft:vindicator":4,"minecraft:spider":1,"minecraft:zombie":1,"minecraft:pillager":1},"minecraft:picked_up":{"minecraft:wooden_axe":1,"minecraft:brown_mushroom":1,"promenade:fulvous_maple_sapling":2,"minecraft:wooden_pickaxe":1,"minecraft:oak_log":6,"minecraft:dirt":1,"minecraft:dark_oak_trapdoor":1,"minecraft:arrow":3,"minecraft:polished_basalt":1,"fishofthieves:earthworms":1,"promenade:maple_log":2,"minecraft:spruce_sign":1,"minecraft:emerald":2,"minecraft:oak_sapling":2,"minecraft:coal":3,"minecraft:cobblestone":69},"minecraft:mined":{"minecraft:dark_oak_trapdoor":1,"minecraft:soul_fire":9,"treechop:chopped_log":1,"minecraft:grass_block":1,"minecraft:coal_ore":1,"minecraft:dirt":1,"minecraft:tall_grass":1,"minecraft:stone":59},"minecraft:used":{"minecraft:stone_sword":39,"minecraft:apple":2,"minecraft:bread":2,"minecraft:stone_pickaxe":48,"minecraft:wooden_pickaxe":12,"minecraft:shield":16,"minecraft:crafting_table":1,"minecraft:crossbow":1},"minecraft:crafted":{"minecraft:oak_planks":20,"minecraft:crafting_table":1,"minecraft:stick":4,"minecraft:stone_pickaxe":1,"minecraft:wooden_pickaxe":1,"minecraft:chest":1,"minecraft:oak_wood":3}},"DataVersion":3465}