{"stats":{"minecraft:dropped":{"minecraft:bread":4,"minecraft:iron_nugget":2,"minecraft:player_head":2,"minecraft:glass_bottle":3,"minecraft:rotten_flesh":1,"minecraft:apple":1,"minecraft:name_tag":1,"minecraft:coal":1,"minecraft:dirt":1,"minecraft:mud_bricks":4,"minecraft:dark_oak_trapdoor":1,"minecraft:wooden_axe":1,"minecraft:oak_sapling":2,"minecraft:wooden_pickaxe":2,"minecraft:glistering_melon_slice":2,"minecraft:bone":2},"minecraft:broken":{"minecraft:stone_pickaxe":1,"simplyswords:iron_halberd":1,"minecraft:stone_sword":1,"minecraft:iron_helmet":1},"minecraft:custom":{"lootr:looted_stat":37,"minecraft:mob_kills":89,"minecraft:interact_with_crafting_table":8,"minecraft:damage_dealt_resisted":0,"minecraft:time_since_death":323,"minecraft:damage_resisted":0,"minecraft:climb_one_cm":280,"minecraft:hex":0,"minecraft:time_since_rest":354,"minecraft:sprint_one_cm":249029,"minecraft:damage_taken":7454,"minecraft:walk_one_cm":177715,"minecraft:damage_blocked_by_shield":2506,"minecraft:drop":29,"minecraft:damage_dealt":15984,"minecraft:swim_one_cm":9820,"minecraft:talked_to_villager":65,"minecraft:fly_one_cm":80794,"minecraft:player_kills":1,"minecraft:open_chest":4,"minecraft:crouch_one_cm":1944,"minecraft:play_time":88603,"minecraft:deaths":18,"minecraft:sneak_time":1259,"minecraft:walk_under_water_one_cm":6037,"minecraft:jump":816,"minecraft:walk_on_water_one_cm":97026,"minecraft:total_world_time":88603,"minecraft:fall_one_cm":29021},"minecraft:killed":{"minecraft:zombie_villager":1,"minecraft:horse":3,"minecraft:skeleton":21,"minecraft:pillager":3,"minecraft:zombie":58,"mythicmobs:chupacabra":1,"minecraft:drowned":2,"minecraft:player":1},"minecraft:killed_by":{"minecraft:vindicator":4,"minecraft:skeleton":7,"minecraft:spider":1,"minecraft:zombie":4,"minecraft:pillager":1},"minecraft:picked_up":{"minecraft:wooden_axe":1,"minecraft:mud_bricks":6,"minecraft:leather":4,"promenade:fulvous_maple_sapling":2,"minecraft:brown_mushroom":1,"minecraft:wooden_pickaxe":1,"minecraft:red_mushroom":6,"minecraft:packed_mud":2,"minecraft:oak_log":6,"minecraft:brewing_stand":1,"minecraft:dirt":2,"minecraft:dark_oak_trapdoor":2,"minecraft:bone":26,"bosses_of_mass_destruction:soul_star":1,"minecraft:iron_ingot":1,"promenade:maple_log":2,"fishofthieves:earthworms":1,"minecraft:player_head":2,"minecraft:iron_nugget":2,"twigs:twig":2,"minecraft:chest":1,"minecraft:iron_sword":1,"minecraft:golden_helmet":1,"minecraft:carrot":1,"minecraft:mossy_cobblestone":2,"minecraft:dark_oak_planks":4,"minecraft:arrow":19,"minecraft:rotten_flesh":32,"minecraft:polished_basalt":1,"minecraft:hay_block":3,"minecraft:spruce_sign":1,"minecraft:emerald":2,"minecraft:oak_sapling":3,"minecraft:coal":4,"minecraft:skeleton_skull":2,"minecraft:cobblestone":90,"minecraft:cracked_deepslate_tiles":1},"minecraft:mined":{"minecraft:mossy_cobblestone":5,"minecraft:deepslate_tile_slab":1,"minecraft:soul_fire":9,"minecraft:brewing_stand":1,"minecraft:grass_block":2,"minecraft:cobblestone":16,"minecraft:tall_grass":1,"minecraft:mud_bricks":3,"minecraft:spawner":3,"minecraft:hay_block":3,"minecraft:dark_oak_trapdoor":1,"treechop:chopped_log":1,"minecraft:cracked_deepslate_tiles":1,"minecraft:coal_ore":2,"regions_unexplored:apple_oak_leaves":24,"minecraft:dirt":1,"minecraft:stone":62,"minecraft:player_head":2,"minecraft:cake":1,"minecraft:oak_leaves":8},"minecraft:used":{"minecraft:stone_sword":131,"minecraft:stone_pickaxe":94,"minecraft:shield":33,"minecraft:chest":2,"minecraft:wooden_pickaxe":12,"minecraft:iron_sword":2,"minecraft:rotten_flesh":1,"minecraft:crafting_table":2,"simplyswords:diamond_sai":206,"minecraft:carrot":6,"simplyswords:iron_halberd":250,"minecraft:crossbow":14,"simplyswords:gold_scythe":27,"minecraft:apple":5,"minecraft:bread":19,"minecraft:iron_pickaxe":33,"minecraft:cobblestone":11},"minecraft:crafted":{"minecraft:oak_planks":20,"minecraft:crafting_table":2,"minecraft:wooden_pickaxe":1,"minecraft:iron_sword":2,"minecraft:oak_wood":3,"minecraft:bread":11,"minecraft:stick":8,"minecraft:iron_pickaxe":2,"minecraft:stone_pickaxe":1,"minecraft:chest":1,"minecraft:wheat":27}},"DataVersion":3465}