{"stats":{"minecraft:dropped":{"minecraft:bread":4,"minecraft:iron_nugget":2,"minecraft:player_head":2,"minecraft:glass_bottle":3,"minecraft:rotten_flesh":78,"minecraft:apple":1,"minecraft:name_tag":1,"minecraft:coal":1,"minecraft:dirt":1,"minecraft:mud_bricks":4,"minecraft:dark_oak_trapdoor":1,"minecraft:wooden_axe":1,"minecraft:oak_sapling":2,"minecraft:wooden_pickaxe":2,"minecraft:glistering_melon_slice":2,"minecraft:bone":34},"minecraft:broken":{"minecraft:stone_pickaxe":1,"simplyswords:iron_halberd":1,"minecraft:shield":1,"minecraft:stone_sword":1,"minecraft:iron_helmet":2,"minecraft:iron_chestplate":1},"minecraft:custom":{"lootr:looted_stat":45,"minecraft:mob_kills":157,"minecraft:interact_with_crafting_table":8,"minecraft:leave_game":1,"minecraft:damage_dealt_resisted":0,"minecraft:time_since_death":0,"minecraft:damage_resisted":0,"minecraft:climb_one_cm":280,"minecraft:hex":0,"minecraft:time_since_rest":859,"minecraft:sprint_one_cm":315951,"minecraft:damage_absorbed":80,"minecraft:damage_taken":12275,"minecraft:walk_one_cm":247316,"minecraft:damage_blocked_by_shield":3279,"minecraft:drop":68,"minecraft:damage_dealt":28338,"minecraft:swim_one_cm":22607,"minecraft:talked_to_villager":65,"minecraft:fly_one_cm":95240,"minecraft:player_kills":1,"minecraft:open_chest":4,"minecraft:crouch_one_cm":2505,"minecraft:play_time":116290,"minecraft:deaths":31,"minecraft:sneak_time":1455,"minecraft:walk_under_water_one_cm":8603,"minecraft:jump":1006,"minecraft:walk_on_water_one_cm":124375,"minecraft:total_world_time":116290,"minecraft:fall_one_cm":33198},"minecraft:killed":{"minecraft:zombie_villager":1,"minecraft:horse":3,"minecraft:skeleton":46,"minecraft:pillager":3,"minecraft:zombie":100,"mythicmobs:chupacabra":1,"minecraft:drowned":2,"minecraft:player":1,"minecraft:cow":1},"minecraft:killed_by":{"minecraft:vindicator":4,"minecraft:skeleton":11,"minecraft:spider":2,"minecraft:zombie":12,"minecraft:pillager":1},"minecraft:picked_up":{"minecraft:wooden_axe":1,"minecraft:mud_bricks":6,"minecraft:leather":4,"promenade:fulvous_maple_sapling":2,"minecraft:brown_mushroom":1,"minecraft:wooden_pickaxe":1,"minecraft:red_mushroom":6,"minecraft:potato":2,"minecraft:packed_mud":2,"minecraft:oak_log":6,"minecraft:brewing_stand":1,"minecraft:dirt":2,"minecraft:dark_oak_trapdoor":2,"minecraft:raw_copper":14,"minecraft:bone":54,"bosses_of_mass_destruction:soul_star":2,"minecraft:iron_ingot":1,"promenade:maple_log":2,"fishofthieves:earthworms":1,"minecraft:player_head":2,"minecraft:iron_nugget":2,"twigs:twig":2,"minecraft:chest":1,"minecraft:iron_sword":2,"minecraft:raw_iron":1,"minecraft:golden_helmet":1,"minecraft:carrot":1,"techreborn:sapphire_gem":5,"minecraft:mossy_cobblestone":2,"minecraft:dark_oak_planks":4,"techreborn:peridot_gem":2,"minecraft:arrow":45,"minecraft:rotten_flesh":118,"minecraft:polished_basalt":1,"minecraft:hay_block":3,"minecraft:spruce_sign":1,"minecraft:emerald":2,"minecraft:oak_sapling":3,"minecraft:coal":35,"minecraft:skeleton_skull":5,"minecraft:cobblestone":91,"minecraft:cracked_deepslate_tiles":1},"minecraft:mined":{"techreborn:sapphire_ore":3,"minecraft:mossy_cobblestone":5,"minecraft:deepslate_tile_slab":1,"minecraft:soul_fire":9,"minecraft:brewing_stand":1,"minecraft:granite":1,"minecraft:grass_block":2,"modern_industrialization:lead_ore":1,"modern_industrialization:lignite_coal_ore":15,"minecraft:copper_ore":4,"minecraft:cobblestone":18,"minecraft:tall_grass":1,"minecraft:mud_bricks":3,"minecraft:spawner":6,"minecraft:hay_block":3,"minecraft:mossy_cobblestone_stairs":1,"minecraft:dark_oak_trapdoor":1,"minecraft:iron_ore":1,"treechop:chopped_log":1,"minecraft:cracked_deepslate_tiles":1,"minecraft:coal_ore":33,"regions_unexplored:apple_oak_leaves":24,"minecraft:dirt":1,"minecraft:stone":69,"minecraft:player_head":2,"minecraft:cake":1,"minecraft:oak_leaves":8},"minecraft:used":{"minecraft:stone_sword":131,"minecraft:stone_pickaxe":94,"minecraft:shield":44,"minecraft:chest":2,"minecraft:wooden_pickaxe":12,"minecraft:iron_sword":89,"minecraft:rotten_flesh":1,"minecraft:golden_apple":3,"minecraft:crafting_table":2,"simplyswords:diamond_sai":608,"minecraft:carrot":7,"simplyswords:iron_halberd":250,"minecraft:crossbow":45,"simplyswords:gold_scythe":27,"minecraft:apple":13,"minecraft:bread":19,"minecraft:iron_pickaxe":102,"minecraft:iron_boots":2,"minecraft:cobblestone":11,"minecraft:skeleton_skull":1,"minecraft:potato":1},"minecraft:crafted":{"minecraft:oak_planks":20,"minecraft:crafting_table":2,"minecraft:wooden_pickaxe":1,"minecraft:iron_sword":2,"minecraft:oak_wood":3,"minecraft:bread":11,"minecraft:stick":8,"minecraft:iron_pickaxe":2,"minecraft:stone_pickaxe":1,"minecraft:chest":1,"minecraft:wheat":27}},"DataVersion":3465}