{"stats":{"minecraft:custom":{"minecraft:time_since_rest":2001,"minecraft:walk_one_cm":16746,"minecraft:play_time":4603,"lootr:looted_stat":1,"minecraft:sprint_one_cm":18428,"minecraft:damage_taken":1885,"minecraft:deaths":5,"minecraft:damage_blocked_by_shield":529,"minecraft:mob_kills":3,"minecraft:jump":87,"minecraft:damage_dealt":782,"minecraft:time_since_death":1969,"minecraft:climb_one_cm":280,"minecraft:total_world_time":4603,"minecraft:hex":0,"minecraft:fall_one_cm":4123,"minecraft:fly_one_cm":5722},"minecraft:killed":{"minecraft:pillager":3},"minecraft:killed_by":{"minecraft:vindicator":4,"minecraft:pillager":1},"minecraft:picked_up":{"minecraft:arrow":3,"minecraft:brown_mushroom":1,"minecraft:emerald":2,"minecraft:dark_oak_trapdoor":1},"minecraft:mined":{"minecraft:dark_oak_trapdoor":1,"minecraft:soul_fire":9},"minecraft:used":{"minecraft:stone_sword":27,"minecraft:shield":10}},"DataVersion":3465}