{"stats":{"minecraft:broken":{"minecraft:stone_sword":1},"minecraft:dropped":{"minecraft:apple":1,"minecraft:oak_sapling":2},"minecraft:custom":{"lootr:looted_stat":17,"minecraft:mob_kills":10,"minecraft:interact_with_crafting_table":5,"minecraft:time_since_death":11458,"minecraft:climb_one_cm":280,"minecraft:hex":0,"minecraft:time_since_rest":11511,"minecraft:sprint_one_cm":121556,"minecraft:damage_taken":4163,"minecraft:walk_one_cm":60064,"minecraft:damage_blocked_by_shield":1703,"minecraft:drop":2,"minecraft:damage_dealt":2908,"minecraft:swim_one_cm":4329,"minecraft:talked_to_villager":64,"minecraft:fly_one_cm":32407,"minecraft:player_kills":1,"minecraft:crouch_one_cm":850,"minecraft:play_time":40603,"minecraft:deaths":10,"minecraft:sneak_time":582,"minecraft:walk_under_water_one_cm":3324,"minecraft:jump":357,"minecraft:walk_on_water_one_cm":56586,"minecraft:total_world_time":40603,"minecraft:fall_one_cm":11247},"minecraft:killed":{"minecraft:zombie_villager":1,"minecraft:skeleton":3,"minecraft:pillager":3,"minecraft:zombie":2,"mythicmobs:chupacabra":1,"minecraft:player":1},"minecraft:killed_by":{"minecraft:vindicator":4,"minecraft:skeleton":2,"minecraft:spider":1,"minecraft:zombie":1,"minecraft:pillager":1},"minecraft:picked_up":{"minecraft:wooden_axe":1,"minecraft:mud_bricks":4,"promenade:fulvous_maple_sapling":2,"minecraft:brown_mushroom":1,"minecraft:wooden_pickaxe":1,"minecraft:red_mushroom":6,"minecraft:packed_mud":2,"minecraft:oak_log":6,"minecraft:brewing_stand":1,"minecraft:dirt":1,"minecraft:dark_oak_trapdoor":1,"minecraft:bone":2,"minecraft:iron_ingot":1,"promenade:maple_log":2,"fishofthieves:earthworms":1,"minecraft:player_head":2,"minecraft:iron_nugget":2,"minecraft:carrot":1,"minecraft:dark_oak_planks":2,"minecraft:arrow":8,"minecraft:rotten_flesh":4,"minecraft:polished_basalt":1,"minecraft:hay_block":3,"minecraft:spruce_sign":1,"minecraft:emerald":2,"minecraft:oak_sapling":2,"minecraft:coal":4,"minecraft:skeleton_skull":2,"minecraft:cobblestone":72},"minecraft:mined":{"minecraft:soul_fire":9,"minecraft:brewing_stand":1,"minecraft:grass_block":1,"minecraft:tall_grass":1,"minecraft:spawner":1,"minecraft:hay_block":3,"minecraft:dark_oak_trapdoor":1,"treechop:chopped_log":1,"minecraft:coal_ore":2,"minecraft:dirt":1,"minecraft:stone":59,"minecraft:player_head":2,"minecraft:cake":1},"minecraft:used":{"minecraft:stone_sword":131,"minecraft:stone_pickaxe":82,"minecraft:shield":24,"minecraft:chest":1,"minecraft:wooden_pickaxe":12,"minecraft:crafting_table":1,"minecraft:crossbow":14,"minecraft:apple":2,"minecraft:bread":11,"minecraft:cobblestone":2},"minecraft:crafted":{"minecraft:oak_planks":20,"minecraft:crafting_table":1,"minecraft:wooden_pickaxe":1,"minecraft:oak_wood":3,"minecraft:stick":4,"minecraft:stone_pickaxe":1,"minecraft:chest":1}},"DataVersion":3465}